2020-04-01 19:40:54+00:00,1.24544E+18,Asdik 3an Corona?,neutral
2020-04-01 09:20:30+00:00,1.24528E+18,alla wl arguile bas y5ls corona ma ha ensiya HAHAHA,neuroticism
2020-04-01 21:01:42+00:00,1.24546E+18,Ha kasser hale wlo mch ma2boul hada ye2naane enno l dawa mch mawjoud men abel w 3emlinlo hseb bs henne 3m yaamlouwa ased #ÙƒÙˆØ±ÙˆÙ†Ø§_Ù„Ø¨Ù†Ø§Ù† #ÙƒÙˆØ±ÙˆÙ†Ø§,neuroticism
2020-04-01 14:34:37+00:00,1.24536E+18,ma ye7kune bkun mamnune l2no unlike them bhal quarantine 3andi more work than usualðŸ˜‚ðŸ˜‚,conscientiousness
2020-04-01 12:25:28+00:00,1.24533E+18,Fi hada ba3ed ma 3emel cinnamon rolls bhal quarantine?,neuroticism
2020-04-01 12:22:50+00:00,1.24533E+18,Aya Day Quarantine Hayda Bass? ðŸ˜‚,neutral
2020-04-01 18:44:53+00:00,1.24542E+18,Hahahahahaha allah yseedna chu rah net3ab baad hajer,extraversion
2020-04-01 13:57:10+00:00,1.24535E+18,@najwakaram bhal hajer inti farhitna,extraversion
2020-04-01 13:18:39+00:00,1.24534E+18,L tri2a l wahide owsal lal 1 Million b7yete hye kon Corona patient number 1 Million bs kamen s3be cz b3d kam se3a ha ywsaloðŸ˜¢,openness
2020-04-01 21:09:33+00:00,1.24546E+18,stepsister: hala2 eende videoclip bs yo5las corona me: *kif yaane bs y5ls corona*,neuroticism
2020-04-01 09:08:48+00:00,1.24528E+18,ya allah 7a enhar I miss dressing up 7a ebke please sorry friends kel mashru3 byerkab post corona jeye 3le bkel outfit extra aktar min li abla,extraversion
2020-04-02 17:23:54+00:00,1.24576E+18,Lfahes majene lal aalam l aanda corona aw yale aanda symptoms aw yalle khtalatet b hada aando symptoms:) Ykhafefo fazelke aa rabb l dawle w yenfezro ba2a! Ma aatoul l dawle fesde ! L shaeb bala mekh,neuroticism
2020-04-02 15:42:06+00:00,1.24574E+18,@GhaziWazni sorry fiye plz a3ref aymata rah ysir l $bi 5000? Nchalla baad l corona ðŸ˜ðŸ˜,neuroticism
2020-04-02 12:25:40+00:00,1.24569E+18,Nshala quarantine yokhlas b asra3 wa2et mumken la2an l 3alam balasho yjeno ,neuroticism
2020-04-02 10:01:09+00:00,1.24565E+18,Yalle mfakkar 7alo mahdum huwe w 3am yru7 3and ref2ato bel quarantine period: enta 7mar w ref2atak 7ameer,neuroticism
2020-04-02 06:08:39+00:00,1.24559E+18,we're in quarantine and she won't reply mish meshe l 7al abdannn,neuroticism
2020-04-02 06:02:34+00:00,1.24559E+18,Ya3ne law ma 7ajer w corona knt eltellak 15 mns bkoun 3endak,openness
2020-04-02 16:32:40+00:00,1.24575E+18,Jâ€™amÃ¨ne faker bil corona Mr. ,neutral
2020-04-02 15:24:56+00:00,1.24573E+18,Bas ma ykoun fiye o3tos in public ta ma yfakro ma3e corona ,openness
2020-04-02 12:21:24+00:00,1.24569E+18,Ana kla z3tar. A7san bde covid y fell ba3a,neutral
2020-04-03 23:11:54+00:00,1.24621E+18,Sar fene efhas dene kella now am coronavirus negative ðŸ˜‚,extraversion
2020-04-03 10:26:38+00:00,1.24602E+18,Esto me partiÃ³ el alma ðŸ˜­ #Venezuela #ÙÙŠØ±ÙˆØ³_ÙƒÙˆØ±ÙˆÙ†Ø§ #Ø®Ù„ÙŠÙƒ_Ø¨Ø§Ù„Ø¨ÙŠØª #FelizViernesAtodos #Colombia @EmbaVELibano @petrogustavo @VTVcanal8 @IvanDuque @VP @CancilleriaVE @VPITV #LacaseDePapel4 @tve_tve @CaraotaDigital @NoticiasRCN @RCamachoVzla @ConElMazoDando @teleSURtv @Citytv â€“ at Baaloul,neutral 
2020-04-03 00:49:52+00:00,1.24588E+18,eza el @LbciLebanon rah ydalo y3ido l programet l adimin ana bdal 10 snin bl quarantine Watch 7ella w 7talla ðŸ˜,extraversion
2020-04-03 13:46:18+00:00,1.24607E+18,"Aktar mn nos l sha3b meltezem fiya, bad akif in every country there's gonna be people who don't care yaane bas msh enno all of us or none of us, rather as many as we can",extraversion
2020-04-03 10:36:48+00:00,1.24602E+18,ØªØ±Ø¯Ø¯Øª Ù…Ø¹Ù„ÙˆÙ…Ø§Øª Ø¹Ù† ØªÙ‡Ø¯ÙŠØ¯ Ø±Ø¦ÙŠØ³ Ø§Ù„Ø­ÙƒÙˆÙ…Ø© Ø­Ø³Ø§Ù† Ø¯ÙŠØ§Ø¨ Ø¨Ø§Ù„Ø§Ø³ØªÙ‚Ø§Ù„Ø© ÙˆÙˆØ¶Ø¹ ÙƒÙ„ Ø§Ù„Ù‚ÙˆÙ‰ Ø§Ù„Ø³ÙŠØ§Ø³ÙŠØ© Ø§Ù„Ù…Ø´Ø§Ø±ÙƒØ© ÙÙŠ Ø§Ù„Ø­ÙƒÙˆÙ…Ø© ÙÙŠ Ø§Ù„Ø²Ø§ÙˆÙŠØ© Ù„ØªØªØ­Ù…Ù„ Ø§Ù„Ù…Ø³Ø¤ÙˆÙ„ÙŠØ© ÙˆØ­Ø¯Ù‡Ø§ Ø§Ø°Ø§ Ø¨Ù‚ÙŠØª ÙÙŠ Ù…Ø§ Ø¨ÙŠÙ†Ù‡Ø§ ØªØªÙ†Ø§Ø­Ø± Ø¹Ù„Ù‰ Ù…Ø­Ø§ØµØµØ© Ø§Ù„ØªØ¹ÙŠÙŠÙ†Ø§Øª Ø§Ù„Ù…Ø§Ù„ÙŠØ© ÙÙŠ Ù…ØµØ±Ù Ù„Ø¨Ù†Ø§Ù† ÙˆÙ‡ÙŠØ¦Ø§Øª Ø§Ù„Ø§Ø³ÙˆØ§Ù‚ Ø§Ù„Ù…Ø§Ù„ÙŠØ©! ÙƒÙŠÙ Ù…Ø³ØªÙ‚Ù„Ù‘ÙŠÙ†ðŸ¤” ðŸ‘‡ðŸ‘‡ðŸ‘‡@WHO @MinistryInfoLB â€“ at Baaloul,neutral
2020-04-03 16:11:59+00:00,1.24611E+18,B3rfik bt7ebbe ta3mle 7elo ðŸ¤£ðŸ¤£ W akid 3am te2re osas scientific kermel twekbe l corona Sa7??,agreeableness
2020-04-03 18:47:05+00:00,1.24615E+18,Fi srasir ad mabaddk bl nouweb bde yehon yetfadalo m3 jelset corona wy ba77o kln,neuroticism
2020-04-03 20:39:57+00:00,1.24618E+18,Seems we all are? Ana heses hek mn awal el azme . Covid zedet el d8t,neuroticism
2020-04-03 09:32:30+00:00,1.24601E+18,W me phd. Serna Klna bl bet e3din w natrin corona,extraversion
2020-04-03 09:31:47+00:00,1.24601E+18,Yea me. Bs bde sir doctorat snt jeyi nchalla aw mn b3d el corona bt ba77,conscientiousness
2020-04-04 20:48:09+00:00,1.24654E+18,ÙŠÙ„Ù‘ÙŠ Ø¨ÙŠÙ‚ÙˆÙ„Ùˆ THAWRA Ø¨ÙŠÙ‚ÙˆÙ„Ùˆ COVID19 ÙˆÙŠÙ„Ù‘ÙŠ Ø¨ÙŠÙ‚ÙˆÙ„Ùˆ SAWRA Ø¨ÙŠÙ‚ÙˆÙ„Ùˆ CORONA,neutral
2020-04-04 14:16:12+00:00,1.24644E+18,Anytime ðŸ™ðŸ˜‡hard job to keep ourselves and our entourage safe. May god give yiu strength Sara7a 3abeli arguel . Bas 3abeli aktat n5allis mn l marad li semmouha b esm bira . Seriously stay home. Safe. Arguuli 7ay koun atyab,agreeableness
2020-04-04 14:16:59+00:00,1.24644E+18,#StayHome #Ø®Ù„ÙŠÙƒ_Ø¨Ø§Ù„Ø¨ÙŠØª #ÙƒÙˆØ±ÙˆÙ†Ø§ #coronatime â€“ at mar mekhayil,neutral
2020-04-04 19:15:25+00:00,1.24652E+18,3a fekra nsit elikkkðŸ™ˆðŸ™ˆ Bes ye5las el 7ajer ray7a l3edik 2e23od shi jom3a 2 3 Shoufe esh badik ta3emleeeðŸ¤­ðŸ¤­ðŸ¤­,extraversion
2020-04-05 16:43:33+00:00,1.24684E+18,Who let charbel khalil exist,neuroticism
2020-04-05 16:41:57+00:00,1.24684E+18,"Nasil bir ÅŸaÅŸÄ±rmÄ±ÅŸlÄ±ksa artÄ±k, 2023 hedeflerimizi â€œkimseâ€ engelleyemez diyor. Kimse: Corona",neutral
2020-04-05 12:34:46+00:00,1.24678E+18,"Shou khas charbel ? B kel belden l aalam, l COVID 19 aareal kel shi. W aktar l belden l mettawra, am bet aane men ektisada halae. Fi priorities wel houkoume am teshteghil aa hal ases",conscientiousness
2020-04-05 12:09:23+00:00,1.24677E+18,Free condoms plz ma baddna ndaobel population after all this lockdown wil bayyy y7abbel ebno... ,openness
2020-04-05 04:39:47+00:00,1.24666E+18,Shaghle l wahide li 3amelta b quarantine ,extraversion
2020-04-05 17:20:09+00:00,1.24685E+18,Why are all men going bald in this quarantine? Ma helo hek aye-,neuroticism
2020-04-05 23:41:27+00:00,1.24695E+18,Cause quarantine is killing me w bade shi etsala fiðŸ˜‚,neuroticism
2020-04-06 16:18:28+00:00,1.2472E+18,emta ha yo5las hal quarantine ta ma ba2 shouf 3alam mh*y*je aa my tl?,openness
2020-04-06 07:34:25+00:00,1.24707E+18,ðŸ‘‡ðŸ‘‡ðŸ‘‡ðŸ‘ï¸ðŸ‘ï¸ðŸŒðŸŒðŸ‘‰RT â€“ at Baaloul,neutral
2020-04-06 10:56:34+00:00,1.24712E+18,Lah ya 3ame stay home,agreeableness
2020-04-06 20:23:24+00:00,1.24726E+18,@berrynawal @BassamAbouZeid @ALJADEEDNEWS @MedawarLana @Annahar @lebanondebate @LBCI_NEWS #Ø®Ù„ÙŠÙƒ_Ø¨Ø§Ù„Ø¨ÙŠØª #Ø­Ø²Ø¨_Ø§Ù„Ù„Ù‡ ðŸ‘‡ðŸ‘‡ â€“ at Baaloul,neutral
2020-04-06 16:39:26+00:00,1.2472E+18,#Ø·ÙˆÙ†ÙŠ_Ø®Ù„ÙŠÙØ© #Ù„Ø¨Ù†Ø§Ù† #ØµØ­ØªÙƒ_Ø¨Ø§Ù„Ø¯Ù†ÙŠ #Ø®Ù„ÙŠÙƒ_Ø¨Ø§Ù„Ø¨ÙŠØª @TonyKhalifeh @mophleb @Hamad_hassan20 â€“ at Baaloul,neutral
2020-04-06 15:29:03+00:00,1.24718E+18,Ø¨ÙŠØ±ÙˆØªÙŠ ðŸƒâ€â™‚ï¸ðŸƒâ€â™€ï¸ðŸš¶â€â™€ï¸#Ø®Ù„ÙŠÙƒ_Ø¨Ø§Ù„Ø¨ÙŠØª #Ø­Ø²Ø¨_Ø§Ù„Ù„Ù‡ #Ø­Ø³Ø§Ù†_Ø¯ÙŠØ§Ø¨ #Ù„Ø¨Ù†Ø§Ù† @walidjoumblatt @WaelAbouFaour1 ðŸ‘ï¸ðŸ‘ï¸ðŸ‘ðŸ‘ðŸ‘‡ â€“ at Baaloul,neutral
2020-04-06 06:15:25+00:00,1.24705E+18,Bedna nrou2 eh? Shefna gher wizara esh 3emlo Law tkun hukumet saad ken akhad selfie maa l virus !:) Baed na2es,openness
2020-04-06 19:36:31+00:00,1.24725E+18,JÃ¤ger zeh2it mene #Quarantine ,neuroticism
2020-04-06 13:37:58+00:00,1.24716E+18,"Sah afekra , esa 1 week bl quarantine ha terjaa hek",neutral
2020-04-06 20:01:36+00:00,1.24725E+18,azde ba3d ma yekhlas l quarantine,openness
2020-04-06 19:30:06+00:00,1.24725E+18,Eno ma fhemt le kel l aalam rej3o yetlaao mnl bet ? Is corona over w ana ma maae khabar ?! ?!,conscientiousness
2020-04-06 14:41:02+00:00,1.24717E+18,ayre bhal lockdown sar bedde esma3 Shadia Mansour,neuroticism
2020-04-06 10:46:26+00:00,1.24711E+18,Ktir bshil rouh mano ba3ed el quarantine,extraversion
2020-04-07 12:25:10+00:00,1.2475E+18,Manek hal sha8li mohami la telta2e feðŸ˜ŠðŸ˜Š #Covid_19,neuroticism
2020-04-07 17:36:26+00:00,1.24758E+18,Fout neim bala covid bala balout,neuroticism
2020-04-07 15:41:26+00:00,1.24755E+18,ðŸ™ƒ bl nhye l mouse3adet li ejet lal nurses w dr knt mn l sha3eb lbneni w tabarou3aton ( w 3ala l 3lem hayde l mousa3det ken lezem tkoun shghlet wazir l se7a ) fa li bysta7e2 l shker hne l ashkhas li se3ado w sehamo b ayya shi zghir la y7arbo hal marad,conscientiousness
2020-04-07 14:33:48+00:00,1.24753E+18,la2 ya 3eeshe hon ya ens ma fee visits bel quarantine,neutral
2020-04-08 16:34:41+00:00,1.24793E+18,"Look, its getting harder and harder, badda te5las hal corona shit walla sho???ðŸ¤¦ðŸ½â€â™‚ï¸",neuroticism
2020-04-08 11:04:03+00:00,1.24784E+18,Corona w ta2es w ka2abe .. rah tzid nesbit l enti7ar,neuroticism
2020-04-08 11:40:08+00:00,1.24785E+18,Be europa badon y3mloo test 3ala sha3b l2fre2e mn marad corona,neuroticism
2020-04-09 04:22:57+00:00,1.2481E+18,I watched the part 1 corona bas ma hasset enno zed chi 3n el osas lli mnaarefa ... how was the part 2?,neutral
2020-04-09 01:19:16+00:00,1.24806E+18,Ba3d corona ness lizim tenzal 3a cheri3 aktar b kettir min abl w yetalbo b ha2oun w mayesmaho b hal chi li2ano eza sakatna 3al ha2na min houl al heramye sera2in li ba3d masheb3o ser2a w hala2 weslit ma3oun yesr2ou li ma3ana se3ata alah yerham libnenyeh w libnen,neuroticism
2020-04-09 09:15:39+00:00,1.24818E+18,Ma3o 7a2 .. ade a7la law Denver w Rio kajjo baaed ðŸ˜ #rou2e_okhte_Bedash_hal2ad #kella_bawse #hole_hormonet_quarantine_3zerouwa,openness
2020-04-09 18:19:22+00:00,1.24831E+18,100% bass ne7na halla2 b zaman corona virus midtarrin ne23od bl beit 7ata ma ne23od bl mestashfa ...majbourin,conscientiousness
2020-04-10 22:36:38+00:00,1.24874E+18,"Ya3ne ma b kaffe l Lira bel ared w Corona, ejetna l ma btetsamma",neuroticism
2020-04-10 16:58:36+00:00,1.24866E+18,Guillain barre hewe shalal bl a3sab beballish mn ta7t la fo2 ..so this patient ejet first 3nda shalal w ma keno 3arfin enu mmkn tkun Covid19 ba3d esbou3 bayyano 3nda sa3le w fever,neuroticism
2020-04-10 12:24:43+00:00,1.24859E+18,eno hala2 kel l models w l mumasilet jeyin am yaamlo tiktoks hene w aam yeklo esas bt naseh w eno quarantine and shit aa ases nhna msh aarfin eno ya ma btekluwon ya bt futo tbe2uwon bs tkhalso l video. Ya allah shu fake w bt ulule leh bemhe insta wlekdndjnsksns,neuroticism
2020-04-10 08:50:28+00:00,1.24853E+18,Ma32oul israel 3am yrecho 3layna corona men fo2?,openness
2020-04-10 08:35:53+00:00,1.24853E+18,Kharjon arguili 3al rassif. M3 shi 500 000 wa7ad. W mafion m3 corona. L maradi sara2 esmo mn bira.,openness
2020-04-10 16:17:58+00:00,1.24865E+18,Canâ€™t wait tekhlas corona ta nerja3 nesta3ml l metro b Beirut ðŸ˜ ,extraversion
2020-04-11 21:31:00+00:00,1.24909E+18,3am todrob watar l gherbe li already kteer 7asses w bi zaman l corona,neuroticism
2020-04-11 20:23:59+00:00,1.24907E+18,"me, @hostilehoe and @bdalaamne2 nehna w feytin aa proj*kt after quarantine ",neutral
2020-04-11 10:38:13+00:00,1.24892E+18,who tf says â€œhetlenâ€ 3etlen ham bi oulo ya habibe,neutral
2020-04-11 23:20:57+00:00,1.24912E+18,Stay safe habibiðŸ™â¤ï¸ ,agreeableness
2020-04-12 23:32:34+00:00,1.24948E+18,Mich 3amtsayed ba2a gayaret 3adtak aw bi kouno el 3safir ma3on coronaðŸ˜‰,openness
2020-04-12 18:48:14+00:00,1.24941E+18,A summary of my TL today: _ kataeb / civil war _ Cats _ Me7en _ Israel _ 3alam ma khasson bel 5ase aam yaato ra2yon bel corona,neutral
2020-04-12 08:42:53+00:00,1.24926E+18,Fiyon yeftahoulna mahallet le tyeb yawmen aw tlete bas la2an iza ejit el sayfiyye w b3dna quarantined ana m3nde tyeb...,extraversion
2020-04-12 02:17:52+00:00,1.24916E+18,You maybe wrong. Mousta7il mat le7e 7adn who will be your everything. Ana moumkin kmn mab le2e bs,openness
2020-04-12 15:18:33+00:00,1.24936E+18,Bs ykun 3amilak ta3mal camping bs fe corona ðŸ•ï¸â›ºðŸ˜‚ ,openness
2020-04-12 12:24:28+00:00,1.24931E+18,Quarantine routine ðŸ¤·ðŸ½â€â™€ï¸ ,neutral
2020-04-12 12:48:47+00:00,1.24932E+18,no tonio bheb l cancers bdefe3 aanakðŸ˜³ ok love this quarantine house ktir fyo actions,extraversion
2020-04-13 17:47:38+00:00,1.24976E+18,Hafroun ðŸ’™ #Hafroun #Ehmej #myhometown #spring #nature #naturelovers #clicclacprodutions #photography #Quarantine #COVID2019 #StayHome #Lebanon,extraversion
2020-04-13 15:07:26+00:00,1.24972E+18,who thinks we're the elite? lmao 3a ayya ases,neuroticism
2020-04-13 10:09:25+00:00,1.24964E+18,La2 ma 3am Bi2dar nem bzaman l corona,neuroticism
2020-04-13 07:18:48+00:00,1.2496E+18,Bas yekhlass coronaðŸ‘‰ðŸ¼ðŸ‘ˆðŸ¼,extraversion
2020-04-14 11:48:07+00:00,1.25003E+18,*Me jogging bl 7ay* Baladiye: eh fike abel l 7 Allergies: 23ede b baytik bifakro ma3ik corona,openness
2020-04-14 14:19:11+00:00,1.25007E+18,#stop Ø¥Ù† Ù„Ù… ØªÙƒÙ† Ù‚Ø§Ø¯Ø± Ø¹Ù„Ù‰ Ø¥ØªÙ…Ø§Ù… Ù…Ø³Ø¤ÙˆÙ„ÙŠØ§ØªÙƒ #ÙÙ„ØªØ±Ø­Ù„ #CORONAVIRUS_COVID_19 â€“ at Souk El Ahad,neutral
2020-04-14 18:49:44+00:00,1.25013E+18,No covid 19 ballash mn batman . Shu badna fiyon. L virus ballash 3ndn,openness
2020-04-14 16:37:04+00:00,1.2501E+18,Khayye l deneh msakra w kel ma aandu shi l2an fe shi esmu (((((((VIRUS))))))) MISH vacation l ossa la kel yruh yemshe w ykazder w ma baaref shu Badkon dawle btfham Mish la ykun l sha3eb byfham bl awal,neuroticism
2020-04-14 16:32:46+00:00,1.2501E+18,ha2 aal quarantine ðŸ¤”,neuroticism
2020-04-14 15:33:51+00:00,1.25008E+18,1$=3050LL Ø§Ù„Ø¹Ø§Ù„Ù… Ø§Ø®ØªØ±Ø¨Øª Ø¨ÙŠÙˆØªÙ‡Ø§ Ø§Ù„ÙƒÙˆØ±ÙˆÙ†Ø§ Ø¨Ø§ØªØª Ø§Ø±Ø­Ù… Ù…Ù† Ø§Ù„Ø°Ù„ Ø§Ù„Ø°ÙŠ ÙŠØ¹ÙŠØ´Ù‡ Ø§Ù„Ù„Ø¨Ù†Ø§Ù†ÙŠ ÙŠÙˆÙ…ÙŠØ§Ù‹ #Ø®Ù„ÙŠÙƒ_Ø¨Ø§Ù„Ø¨ÙŠØª #Ø§Ù„ÙƒÙˆØ±ÙˆÙ†Ø§ #Ù„Ø¨Ù†Ø§Ù†,neuroticism
2020-04-15 23:01:28+00:00,1.25056E+18,Ya3ne ba3d el Corona fi thawra bedda tekol el akhdar wel yebes.,neuroticism
2020-04-15 11:49:04+00:00,1.25039E+18,bs trouh corona bt sire teje l eende aa dorm w notla3 netsabahðŸ˜³ðŸ˜³ðŸ˜³,openness
2020-04-15 09:58:52+00:00,1.25036E+18,Salma Hayek be like: whoâ€™s Mexican? ðŸ˜‚,neutral
2020-04-15 11:39:00+00:00,1.25039E+18,Ka2eno l 3alam rej3eit la hayeta el tabi3iye w nesyo enu fi Corona ??? Shumisheeenn,conscientiousness
2020-04-15 06:07:37+00:00,1.2503E+18,Azde ana kif eemil follow la wled l 2003 w tlou3.. ma aam befham yaane Eza hada aatas.. corona Eza hada nazzal tweet.. men are trash Eza hada nazal pic .. shu sar insta? Eza ma aajabon shi .. rapist or abuser To2brune twitter mesh war2et na3we aw mahekim..,neuroticism
2020-04-15 16:06:45+00:00,1.25046E+18,3300 L.L ÙŠÙ„ÙŠ Ø¨Ø¶Ù„ Ø¨Ø§Ù„Ø¨ÙŠØª Ø¨Ø¹Ø¯ ÙƒÙˆØ±ÙˆÙ†Ø§ Ø®Ø±Ø¬ÙˆØ§ ÙŠØ¶Ù„ Ù…Ø¯Ø¹ÙˆØ³ Ø¨Ø§Ù„ØµØ±Ø§Ù…ÙŠ ÙˆØ§Ù†Ø´Ø§Ø¡Ù„Ù„Ù‡ Ø¨Ù…ÙˆØª Ø§Ù„Ø¬ÙˆØ¹ #Ù„Ø¨Ù†Ø§Ù†_ÙŠÙ†ØªÙØ¶,neutral
2020-04-15 22:49:12+00:00,1.25056E+18,B3d el quarantine ha sir ana m3allem l shawarma fa tekram 3aynik,extraversion
2020-04-15 09:48:20+00:00,1.25036E+18,"Questions that get on my nerves lately: 1-Chou kif hal quarantine ma3ak? 2-Kif l diet ma3ak 3-Akid 3am ta3mol home workout, mahek? 4-3am tekol kelchi 3am totobkho?",neuroticism
2020-04-16 14:43:53+00:00,1.2508E+18,pls min bado yeje l eende after quarantine,extraversion
2020-04-16 14:25:41+00:00,1.25079E+18,3al 2alile 7lemte heik chi Ana 7atta bi 2a7leme 3ayesh bel 7ajer,neuroticism
2020-04-16 00:24:38+00:00,1.25058E+18,Serna nelbes lunette 3l 7ajer ðŸ‘ðŸ¼,neutral
2020-04-16 21:30:01+00:00,1.2509E+18,fi shi ktir aam b daye3ne w li howe ma aam befham shu the point tabaa l aalam li bt nazel stories aam b sou2o maa hashtag #Ø®Ù„ÙŠÙƒ_Ø¨Ø§Ù„Ø¨ÙŠØª ,neutral
2020-04-17 16:47:33+00:00,1.25119E+18,byest2blune ahlik bl corona ?ðŸ˜”,neutral
2020-04-17 16:06:53+00:00,1.25118E+18,Eza hek habibte okðŸ˜‚ Yo2borne abboud akiiid I'll stay with u alllll quarantine!!!,extraversion
2020-04-17 19:10:21+00:00,1.25123E+18,bedde etla3 mnel quarantine influencer mejwiyye bas 3amaliyye,openness
2020-04-17 08:34:43+00:00,1.25107E+18,160 PCR ðŸ˜‚ seriously ðŸ˜‚ðŸ˜‚ðŸ˜‚ðŸ˜‚ðŸ˜‚ðŸ˜‚ðŸ˜‚ðŸ˜‚ eh sah wade3 mneh kter ðŸ˜‚,neutral
2020-04-17 19:10:48+00:00,1.25123E+18,Hayda 1/4 cheghlaaðŸ˜Š byekfee l ghala wel ser2a li baada mechyee!!! Yaane eza ma khalo l aalam tmout mn l corona rah tmout mn l jou3 !!! Habal w jahal level 100 â˜ºï¸ ,neuroticism
2020-04-17 18:49:08+00:00,1.25122E+18,Hahahaahah tabi3ouna ba3ed l lockdown la na3ref shou r7 ysir ðŸ’€ðŸ’€ðŸ’€ Bass is it mutual? ðŸ¥ºðŸ¥ºðŸ¤”ðŸ¤«,neutral
2020-04-17 11:47:20+00:00,1.25112E+18,When they ask you Shu hiweyetak am shu 3am ta3moul bel hajer? Kel d2i2a 3am ghayir soura 3ala Grindr,extraversion
2020-04-17 10:31:26+00:00,1.2511E+18,Halla2 la72e zeedilik 5 more tasks ba3d l corona btdee3eðŸ˜‚ðŸ˜‚ðŸ˜‚,conscientiousness
2020-04-17 08:56:22+00:00,1.25107E+18,"Layko abel thawra w Corona, 3an shu kenna nehki ?",neuroticism
2020-04-17 11:06:31+00:00,1.2511E+18,"Eh azna5 fi . Esma el fassed el slata syeseye, omt, edl... w bdl. All the actors who contributed to the embezzlment of 300 billion $and the collapse of the lbp. Man nnensa skleen we ramco. Azna5 mafi . Wl nasmaki btsir mtl channel n5 eddemon",neuroticism
2020-04-18 19:04:54+00:00,1.25159E+18,Ikher shi byejeki wahad madredi b2lik Allah Yil3an l Corona Haramna l dawri ðŸ˜‚ðŸ˜‚,neutral
2020-04-18 23:54:10+00:00,1.25166E+18,Yaane law ma3e corona kenit tol3it ad ma soret m3attas hal fatra.,neuroticism
2020-04-18 01:06:58+00:00,1.25132E+18,Yes please. Fi corona w mah yeedaro refaate yeezmune chfe2o alayna ,neuroticism
2020-04-18 14:44:02+00:00,1.25152E+18,Nshallah nokhlas men corona w kel shi byen7al,extraversion
2020-04-19 13:21:07+00:00,1.25186E+18,"Noo ma byeswa , badna nkhaf mn corona , w badna nerja3 3al sawra , w badna nazel l dollar w ntaleb bi osset ghala l as3ar wel amwel l manhoube w bil akhir bnentek wel mestashfeyet ma bet3oud edra testaw3eb a3ded w yallaa Khara bil majerfe",conscientiousness
2020-04-19 08:27:49+00:00,1.25179E+18,Natanyahou mish fade 3m bijahezlkoun mestashfayetkoun w yse3dkoun twejho corona its okay deae we don't need anyone ðŸ˜‹ mish m3awadin nla7wess sbabit ya ghanam,neuroticism
2020-04-19 08:55:47+00:00,1.2518E+18,Mazelo virus 3a shou natra his tweet hbb kirmel trede w yza2eflik kam ðŸ‘ðŸ‘ðŸ‘ bi ra2ye ntebhe tebla3e ri2ik ðŸ,neuroticism
2020-04-20 18:53:43+00:00,1.25231E+18,Mane msada2 tokhlas oset l corona la erja3 choufak ðŸ¤®,extraversion
2020-04-20 12:21:11+00:00,1.25221E+18,Ktir bshil n3mol group tweeps nodhar kelna sawa post coronaðŸ‘‹ðŸ» min in?,extraversion
2020-04-20 16:33:08+00:00,1.25227E+18,Post corona fiya a3de sawa kelna eh???? 2raguil hamod w na2na3 todwe bl sama abyad,extraversion
2020-04-20 07:15:37+00:00,1.25213E+18,Sar jeye updates aa hal virus aktar ma 3amil update la my phone. ,openness
2020-04-21 21:46:49+00:00,1.25272E+18,Kif ya3ne fi nes 3am tetzawaj during lockdown?,neutral
2020-04-21 21:18:53+00:00,1.25271E+18,#quarantine #stayhome #staysafe #rahkebb #7alehðŸ™‹â€â™‚ï¸ @Wadi El Salib - Kfardebian https://www.instagram.com/p/B_SscgUD3aT2PxtrKUBOQtk9lNHnQzYjrmG0MI0/?igshid=o77u6m47aort,neutral
2020-04-21 21:10:11+00:00,1.25271E+18,Lezm bas ye5las l quarantine ma ye5las faj2a yaane y2ololna abl b esbo3 ta nerja3 net3awad eno nem bakir w he l 7araket,openness
2020-04-21 17:35:03+00:00,1.25265E+18,leh la2?:( bhebb aaref who ended the relationship first fi aande unanswered questions anaðŸ˜­,neutral
2020-04-21 12:36:38+00:00,1.25258E+18,Ede tali3 3a belkoun Burger? Ma3 Bacon w extra sauce? Aw fries mn Mcdo ma3 nuggets w large coke? W ka dessert pain perdu mn Couqley? #Ø®Ù„ÙŠÙƒ_Ø¨Ø§Ù„Ø¨ÙŠØª_Ù‚Ø±Ù‘Ø¨Øª_ØªØ®Ù„Øµ ðŸ¤°,extraversion
2020-04-21 10:03:13+00:00,1.25254E+18,Bas laeno arart 2a3mul iftar la my school friends sar fi corona,neutral
2020-04-21 10:08:17+00:00,1.25254E+18,enti ma 3endk iman bi rabek abadn hol lmtzahrin ma 5ayfin la mn lkouruna wala chi la2n imenon bi rabon kbir la hk enti ktirr chaklk fez3ani mn corona nasi7a mni 5afi rabk w 3badi ehhh ya jabeni,neuroticism
2020-04-22 23:51:35+00:00,1.25311E+18,Amrak bs roo2 kermel ls tekhlas coronavirus ahla ma nenle2e7 bel hospitals,agreeableness
2020-04-22 20:23:13+00:00,1.25306E+18,Shu awal shi 7a ta3mle ba3d l lockdown?#-7a etjawaz,extraversion
2020-04-22 18:50:26+00:00,1.25303E+18,kif yaane fi sticker stay home ,neutral
2020-04-22 21:49:59+00:00,1.25308E+18,"El 3alam yalle dahra w bet7ot the ""stay home"" sticker shu bet7es? ðŸ˜‚",neutral
2020-04-22 15:59:14+00:00,1.25299E+18,Ba3ed el corona @joannedraybi ðŸ™ŒðŸ»,extraversion
2020-04-22 17:48:50+00:00,1.25302E+18,Rizk Hospital you need to chill about the covid-19 situation Ba3dne wasil 3al Urgence safa2oune kelmit enta mashbouh corona li2ano hekmak tashet bared mesh eno el ac darib be ni3e I was like habibte sarle 47 nhar bel bet fa dobile halik w check my doctor requests,neuroticism
2020-04-22 02:18:55+00:00,1.25278E+18,"L mshkle eno last week nhar l a7ad wl tanen ma 3mlo 8er 300 w 400 tests w tabi3e 3adad l isabet ykoun alil, amo fakkaro ntahit l corona",agreeableness
2020-04-22 06:26:58+00:00,1.25285E+18,Hahahahahahahahahahaha walla mknt aam bedrous mn awwal quarantine,extraversion
2020-04-22 21:45:44+00:00,1.25308E+18,Aslan mn wara bawseton ejet l Corona ,neuroticism
2020-04-23 22:24:37+00:00,1.25345E+18,lezim sawra ma tfel 3a tari2 cz dollar a5tar mn corona bhek dawle 3azime yalla esh3el narrr ya souwarrrðŸ’¥ðŸ’¥ðŸ’¥,neuroticism
2020-04-23 17:07:49+00:00,1.25337E+18,"No one: Literally no one: Tari2 Jdide people: â€œaslan nehna ma 3enna corona, hayda kello bel da7ye 3end el shi3a w el iraniye basâ€",openness
2020-04-23 11:14:27+00:00,1.25328E+18,Er bi kel wahad who bullied someone,neuroticism
2020-04-23 16:54:57+00:00,1.25337E+18,hala2 bi iyem l corona ma fi gher hal,conscientiousness
2020-04-23 19:24:44+00:00,1.2534E+18,"la enno fee 3alam bro iza ma metit min corona 7a tmut mnel jou3,li 3ayish min ma3ash yawme w halla2 ma 3ando sheghel, l dawle lezim t2ammenlo musa3adet meddiyye aw ghize2iyye ta ma ymut mnel jou3",neuroticism
2020-04-23 02:14:27+00:00,1.25315E+18,bfaddil el2at corona 3ala enne koun 3awniyye w hl2d ghabiye ,neuroticism
2020-04-24 05:45:17+00:00,1.25356E+18,Miss Rona have mercy on me WHY SARO 10 7ELET CORONA BIL DAY3A 3ENA BEDE EBKE ,neuroticism
2020-04-25 18:03:46+00:00,1.25411E+18,"Guys ana ma3kon w 7esa fikon bas ma lezem netsaraf bi tahawor ento el amal lwahid lhal balad 3al 2alile 7eto kfouf w mask, 7mou 7alkon w li ma3kon w ahelkon men hal virus. Please stay safeðŸ™ðŸ»â™¥ï¸ #Ù„Ø¨Ù†Ø§Ù†_ÙŠÙ†ØªÙØ¶",conscientiousness
2020-04-25 12:15:03+00:00,1.25402E+18,"Lps, rawdah(mentioned rawdah le2ine bil hawa ma3ak), lau, masters in quarantine Macro factors my brother",neutral
2020-04-25 09:50:53+00:00,1.25398E+18,Aslan bas yekhlas l hajer ha e3zemkon aala aedet kebbe 2ras w 3ara2 ðŸ™Š,extraversion
2020-04-25 13:38:07+00:00,1.25404E+18,people who are short? eno twalo khaye ma bada hal ad,openness
2020-04-26 23:17:58+00:00,1.25455E+18,Anyone can convince my parents inu fini etlaa mnl bayt w corona ma ha yekolni =(,neutral
2020-04-26 22:17:24+00:00,1.25454E+18,Kholssit el corona aw kif laeno kel el aalam aam tkazdir hassab ma sheyfe,conscientiousness
2020-04-26 12:26:47+00:00,1.25439E+18,Hal2 mskren nshallah b3d corona mnblesh,neutral
2020-04-26 14:58:52+00:00,1.25442E+18,OMG 3 already la halla2? W 7a yzido aktar bl eyem l jeye fi wave 2 jeye a2wa men l 2ula b 100 marra,neuroticism
2020-04-27 22:47:30+00:00,1.25491E+18,Eh pls bas Hal 3 days post quarantine,neutral
2020-04-27 16:13:00+00:00,1.25481E+18,"ok wait people who are throwing hate aal benet, chill! yemken wasalit her idea btari2a ghalat aw ma eerfit twasela! so give her a chance ta tfaser shou azdaðŸ˜‚ ",agreeableness
2020-04-27 15:56:21+00:00,1.2548E+18,@LBCILebanon @LBCI_NEWS woslet news..w 3refna shu 3am yseer w 3ndkon nashret a5bar b layl w 3am tedfa3o masare kermal Live.....iza betkaffo haik ma ba2a 7ada ra7 yo7darkon b Ramadan.... ma bkafi masare ma fi ...ma bkafi #ÙÙŠØ±ÙˆØ³_ÙƒÙˆØ±ÙˆÙ†Ø§ ÙƒÙ…Ø§Ù† #,neuroticism
2020-04-27 01:59:26+00:00,1.25459E+18,christopherfeghali my boy #drifting my #nissan350z on our #simulator ðŸ’ªâ¤ï¸ðŸ’ª playing assettocorsa #contentmanager #driftplayground roger_feghali alexfeghali joe_abou_chakra #stayhome #staysafe #drift #driftfunâ€¦ https://www.instagram.com/p/B_ksyisl_Uu/?igshid=4j9hnmlfwd8x,extraversion
2020-04-27 10:48:01+00:00,1.25472E+18,Lah2o aa a3yed miled baad hal corona kelo ajal iid miledo ðŸ˜,openness
2020-04-27 12:30:16+00:00,1.25475E+18,Halla2 anjd l 3alam sada2et enno mafi corona bi lebnen?,neuroticism
2020-04-27 17:52:17+00:00,1.25483E+18,Ana natra mnatara la n5las la a3mol l next one ðŸ˜¢ Knt e5de maw3ad abl l corona,neuroticism
2020-02-22 18:53:18+00:00,1.23129E+18,âœŒâœŒðŸ’ƒðŸ¼ðŸ’ƒðŸ¼ðŸ’ƒðŸ¼ w ni7na 200$mnl bank ma3 corona w jarad hala2 ðŸ’ƒðŸ¼ðŸ’ƒðŸ¼ðŸ’ƒðŸ¼,neuroticism
2020-05-02 21:09:09+00:00,1.25669E+18,Tayeb w baaden? Lesh ka2an el 3alam rej3eit lal hayet tabi3iye maka2an fi corona wala shi??,conscientiousness
2020-05-03 15:51:10+00:00,1.25697E+18,ba3d corona badkon tekhdune 3nd l bek,extraversion
2020-05-03 09:23:32+00:00,1.25688E+18,"Iza fataho el matar anytime soon w ba3d Corona Virus mawjud worldwide, bethejro??",openness
2020-05-03 17:51:33+00:00,1.257E+18,WHY ARE PEOPLE SEXUALIZING SHERK SARLE SE3A AAM MOUT HAHAHAHAHA WHAT WHY WHO,neutral
2020-05-04 19:38:40+00:00,1.25739E+18,Post corona men 3youne,agreeableness
2020-05-04 17:48:29+00:00,1.25737E+18,iza darabet second wave ya habibi ma byeb'ka min ykhabber,neuroticism
2020-05-04 06:59:24+00:00,1.2572E+18,100% btla3 men tawle bfout 3a tawle ðŸ¤£ðŸ¤£ Ba3d l 7ajer bweje 3al casino 7ases ana ðŸ¤£,openness
2020-05-04 11:43:47+00:00,1.25727E+18,2ale khale bedo bri2 el mwoy and u bet ur ass imma call it mwoy min hala2 w tale3 may who? We donâ€™t know her we only stan mwoy,neutral
2020-05-05 06:21:48+00:00,1.25756E+18,#ÙŠÙˆÙ…ÙŠØ§Øª Ø§Ù„Ù…Ù„Ø§ - Ø¨ÙŠØ±ÙˆØª. Photo: Hussein Baydoun #corona #virus #photography #news #photojournalism #Covid_19 #canon #beirut #lebanon #photooftheday,neutral
2020-05-05 15:37:38+00:00,1.2577E+18,No ba3edna midterms ðŸ˜’ W kif ye3ne respondus lockdown browser,neuroticism
2020-05-05 18:41:44+00:00,1.25774E+18,@najwakaram nos7ane bel quarantine?,neutral
2020-05-05 18:27:27+00:00,1.25774E+18,@najwakaram shaklo ha ndal b 7ajer abadi bsabab ghala hal as3ar ðŸ¤¦ðŸ»â€â™€ï¸ ,neuroticism
2020-05-06 19:53:38+00:00,1.25812E+18,Li bi dahik eno law ma 3emlo mane3 tajawwol.. keno l aalam kammalo yedharo aade.. la corona wala shi.. ensa l aaj2a aal ter2at,conscientiousness
2020-05-06 07:27:30+00:00,1.25794E+18,Ktashafeit shi enu b hal 2 months Quarantine ma akhadeit wala nhar off mn sheghel even law knt working from home... mafhmt 7ali,neuroticism
2020-05-06 07:35:57+00:00,1.25794E+18,THROWBACK BAALBECK REMEMBERS OUM KALTHOUM â˜€ï¸ @MaestroGabr @MarwaNagy @maifarouk74 #baalbeckfestivalthrowback #baalbeckfestival #oumkalthoum #tribute #tarab #staysafe ,extraversion
2020-05-07 15:39:53+00:00,1.25842E+18,En nehna anti corona mahek? ,neutral
2020-05-07 19:59:02+00:00,1.25849E+18,omg I donâ€™t have beef with my teta.. azde bcz of quarantine yel3an l se3a ðŸ˜« ,neuroticism
2020-05-07 17:23:00+00:00,1.25845E+18,I guess batal 3andon tyeb tfout fiyon ba3ed hal quarantine,openness
2020-05-09 21:17:41+00:00,1.25923E+18,Btw ma shakla woslit corona aa dt .. nos lebnen ken tahet ðŸ˜‚ ma bi khafo men shi,neutral
2020-05-09 20:38:10+00:00,1.25922E+18,ðŸ˜‚ðŸ˜‚ðŸ˜‚wm3 l 3ja2a chi 3 sa3at eza mwsm syfeye w m fe corona,neutral
2020-05-09 16:28:05+00:00,1.25916E+18,L ha2 mich 3al wazir..mich se3it l badna houwe batal w se3it li badna houwe kharab l dene!ma fina nenkour ta3abo w kell chi em fi yaati alf 3afye!L mechekle bil libnene li 3eyich 3agheir kawkab!deghre bi oulo chou houwe l corona?!kello gripe!Ya 3alam w3ou!ðŸ¤¦â€â™€ï¸,conscientiousness
2020-05-09 16:19:24+00:00,1.25916E+18,Ktir emergency l shopping b hek wa2et #ÙƒÙˆØ±ÙˆÙ†Ø§_Ù„Ø¨Ù†Ø§Ù†,neutral
2020-05-09 16:16:00+00:00,1.25916E+18,Ken fiyon yen2ebro ykhalo lbalad msakar bas la2 Ù„Ø§ Ø¯Ø§Ø¹ÙŠ Ù„Ù„Ù‡Ù„Ø¹ðŸ™‚ yala mabruk lets waste another few months mn hayetna beca3ude of their stupidity. #ÙƒÙˆØ±ÙˆÙ†Ø§_Ù„Ø¨Ù†Ø§Ù†,neuroticism
2020-05-09 21:59:54+00:00,1.25924E+18,Mbala u can btw... Bas hadre halik la another wave,neuroticism
2020-05-09 14:30:03+00:00,1.25913E+18,Bshil ya3mlo full lockdown for 48 hours straight saraha la2an lebneniye mabyen3atahon wejjj.,neuroticism
2020-05-09 17:20:20+00:00,1.25917E+18,Hamra #lockdown #beirut #hamra #peace #quiet #light #rasbeirut #ghosttown,neutral
2020-05-09 19:34:50+00:00,1.25921E+18,"Mech 3emlin keloun PCR , w ba3den tekin 7a/2 ltickets 1200 euro kermel l social distancing bel tiyara",openness
2020-05-09 11:09:34+00:00,1.25908E+18,"So my friend who's an atheist keeps saying ""ya Allah, wa7yet Allah, 2eede bel Quraan"" dude bas t2ul hek bsir automatically fakrak 3am tkazzeb ðŸ˜‚ðŸ˜‚",openness
2020-05-09 09:49:55+00:00,1.25906E+18,Shou khasne bel 3alam? Khasne eno hek 3mbi zido l corona ya khaye tendab l 3alam be byouta kelna 3ena tyeb msh lah ne23d bel zolet Bas l neswen ma bt3rfoun? Lezm yla7o kel shi jdid hatta be hal wade3,neuroticism
2020-05-09 19:57:36+00:00,1.25921E+18,@Hamad_hassan20 babyyy shfttt shi video maguy bou ghosn? Aw bes shatrennn bl sha3b l 3ade? Ba3d l corona lezem msh bes sawra ded l klkon l siyesiye lezem ded fake fnenen,neuroticism
2020-05-10 09:28:04+00:00,1.25941E+18,Shfteeee halla le ma 7ada b 7bekk b lbnen cz 3a2l ma 3andekkk lakkk weyn social distancing b zaman l corona ya habala boukra btnezel video khalikon bl beyt.. Hal 2ad l massare sarakaret rasekkk l fade w aslan mafi mawhabe,neuroticism
2020-05-10 06:20:11+00:00,1.25937E+18,"Aslan mn wara l ""quarantine with them"" nehna wsolna la hon",neuroticism
2020-05-10 06:09:15+00:00,1.25936E+18,Mazbout eno ma fi Corona bl tabi3a bas msh yaane trouho hiking 30 wahad mlaz2in b ba3ed ðŸŒ»,neuroticism
2020-05-10 09:06:12+00:00,1.25941E+18,ma aam lahe2 aa shu li aam yetlaa asraa : imet l dollar am isabet l jdide tabaa corona,openness
2020-05-10 11:28:14+00:00,1.25945E+18,Guys hol contaminated min ta2riban 2 weeks... Wa2ta kenna bi 3ezz dine el lockdown... 3am btetkheyalo el ar2am in 2 weeks *insert sawfa namoutou ba3da kalil sticker*,neuroticism
2020-05-11 11:55:22+00:00,1.25981E+18,@LebaneseLira ahleeeeen.. Erbit ðŸ™„ #StayHome ,neutral
2020-05-11 10:26:02+00:00,1.25979E+18,Mabrouki ðŸ‘ As3ab senne. Sawra w corona,neuroticism
2020-05-11 13:14:51+00:00,1.25983E+18,Ana yali b2ulo bss tekhlas corona w badna n3ml chi w ento both ma fi menkun â¤ðŸ˜˜,extraversion
2020-05-11 08:22:38+00:00,1.25976E+18,Quarantine â€“ at Beit El Kikko,extraversion
2020-05-12 16:16:56+00:00,1.26024E+18,Bonjourrr chta2t odhar chta2t rouh bl bus chta2t e3la2 bl 3aj2a chta2et etseyar ma3 chauferiyt el serviset chta2et eghfa bl bus chta2et ou3a 5 la enzal 3al jem3a i miss my old life hata law kent bt khare chwe bas i miss it ! plz stay home ðŸ™â¤ï¸,extraversion
2020-05-12 13:48:04+00:00,1.26021E+18,7asasiye bi 3yune 7asasiye bi chfefe 7asasiye bi zla3ime 7asasiye bjesme Nafase deyi2 Nafase mch aam ytla3 Crisit to3tis Mit 3atsa bl se3a W la2 ma ma3e corona Ma3e adrab mn lcorona Ma3e hasasiye aa hal ta2es W 7a mut W bye,neuroticism
2020-05-12 10:58:39+00:00,1.26016E+18,Law ma hal corona knt bejeðŸ˜­,neuroticism
2020-05-12 05:37:15+00:00,1.26008E+18,Kif l corona ma3ak is the worst trivagoðŸ˜‚ ,neuroticism
2020-05-13 22:46:58+00:00,1.2607E+18,@joannedraybi ma btkhaline eje al fi corona,conscientiousness
2020-05-13 21:37:11+00:00,1.26069E+18,hada ykhabra enu l corona ma bi3ayyed ma3na ,openness
2020-05-13 17:57:27+00:00,1.26063E+18,Ù£ Ø­Ø§Ù„Ø§Øª ÙƒÙˆØ±ÙˆÙ†Ø§ Ø¨Ø·Ø±Ø§Ø¨Ù„Ø³ bravoooo ya wled lkalb bravo,neuroticism
2020-05-13 17:28:48+00:00,1.26062E+18,ya aa albe kif saro yetsawaro bel quarantine ,neutral
2020-05-13 17:15:56+00:00,1.26062E+18,Ah eh aal quarantine,neutral
2020-05-13 21:07:31+00:00,1.26068E+18,Hayde men awal ma balach corona la hala2,neutral
2020-05-13 19:06:49+00:00,1.26065E+18,Sob7an allah bess ajet al corona w nzarab al ensen rj3et al 7ayet la tabi3a ba3ed ma atala al ensen ,conscientiousness
2020-05-13 14:53:06+00:00,1.26058E+18,OMG YES HOW SWEET bs tekhlas coronavirus bs e3zom hale la endk w argel be argelet your sister lakan ðŸ™„,extraversion
2020-05-14 14:18:42+00:00,1.26094E+18,Ahha byblos ahla w sahla bas we are in quarantine ðŸ˜‚ðŸ™ˆ,agreeableness
2020-05-14 07:53:02+00:00,1.26084E+18,Nazariyit iza el corona byinte2il bil may aw la2 ma ela me3na li anno bil sayfiye el@3alam betkoun fo2 baada bil masebih!!!! Yaane allah yestour w beftekir mahada rah yesbah aw yitchammas aw yekoul ma3 kemmeme!!!,neuroticism
2020-05-14 14:52:40+00:00,1.26095E+18,mama 3am tdal m3asbe 3layna kaeno ana w khaye w baye 5tara3na corona,neuroticism
2020-05-14 16:45:59+00:00,1.26097E+18,Ma eza they enforce them byejo as7abak bek thawra enno dictatoriyeh w police state w 3am yeqma3o l horriyet ðŸ˜‚ðŸ˜‚ðŸ˜‚ W eza they don't call for a lockdown w balashit tmout l 3alam kamen byejo jame3t l fawra enno hkoumeh m2assra... Ø¹Ù†Ø²Ø© Ø§ÙƒÙ„Øª Ø¨Ù„ÙˆØ· Ø·Ù„Ø¹ Ù…Ù† Ø¬Ù„Ø¯Ù‡Ø§,neuroticism
2020-05-15 15:33:24+00:00,1.26132E+18,Hahahahahahahahahahaha eh ttawart bl quarantine,extraversion
2020-05-15 15:17:44+00:00,1.26131E+18,"Jareee,we barely talk bas like we have hol l connection l maba3rif kif, stay safe â¤ï¸",agreeableness
2020-05-15 17:22:39+00:00,1.26135E+18,Asetezt l lebneniye natrin l corona tekhlas la y2aderbo,neuroticism
2020-05-15 21:52:28+00:00,1.26141E+18,No abadan ken 3an ytawil sha3ro Howe before corona,neutral
2020-05-15 08:26:08+00:00,1.26121E+18,@badwan_sh happiest birthdayy habibii 3a2bell el miyee ya rab ðŸ˜ðŸ˜â¤ï¸ i think ur not forget this special birthday in corona times ðŸ˜‚â¤ï¸ nshalah hek sine tkoun kher 3leik ya rab â¤ï¸,agreeableness
2020-05-16 21:40:12+00:00,1.26177E+18,Eno badak neshrab corona?ðŸ¤¢,neutral
2020-05-16 23:36:16+00:00,1.2618E+18,"Lah ahmad me3teref bl Corona at least, fi nes bl shmel ma me3tebrina aktar men le3be kermel yfashlo USA w China's economy ðŸ¤¦â€â™‚ï¸ ðŸ¤¦â€â™‚ï¸",openness
2020-05-16 23:15:48+00:00,1.2618E+18,A3adna bl bet mn wara Corona W a3adne b aleb l bet bala balcon mn wara l bargash What's next? N3ish b aleb l tetkhite?,openness
2020-05-16 23:11:56+00:00,1.2618E+18,Ma fi corona aslan,openness
2020-05-16 22:20:40+00:00,1.26178E+18,Lk l 50 bi chmel men awal l corona mech lyom ðŸ¤¦ðŸ»â€â™‚ï¸,neutral
2020-05-16 21:50:49+00:00,1.26178E+18,Ma bada hal ad lech sakaro al balad corona ma ra7 tikhlas boukra kirmel 10 isabet tiskir w thwil tawlo belkon choufo kif al ness bada t3ich al dollar 5000 wma fi bilafe kizib 3al ness,neuroticism
2020-05-16 21:35:55+00:00,1.26177E+18,lwahad bado yfakir bel $wala b nar jhannam? wala bel hasharat ???? wala b ade ha ysir l pifpaf? wala b corona?,neuroticism
2020-05-16 20:43:28+00:00,1.26176E+18,ðŸ‡¬ðŸ‡§: Thank you for free COVID-19 PCR testing. ðŸ‡¸ðŸ‡¦: Ø´ÙƒØ±Ø§ Ù„Ø§Ø¬Ø±Ø§Ø¡ ÙØ­Øµ Ø§Ù„ÙƒÙˆØ±ÙˆÙ†Ø§ Ø§Ù„Ù…Ø¬Ø§Ù†ÙŠ. ðŸ‡±ðŸ‡§: Dharo bara l day3a absar aya 7ezib be3tkon l tenz3o sem3it el mant2a.,neuroticism
2020-05-16 19:28:23+00:00,1.26174E+18,#stay_home #StaySafe #coronavirus ðŸ¦ ðŸ¦ #Quarantine #Ø®Ù„ÙŠÙƒ_Ø¨Ø§Ù„Ø¨ÙŠØª #Ø§Ù„Ø­Ø¬Ø±_Ø§Ù„Ù…Ù†Ø²Ù„ÙŠ #Ø§Ù„Ø­Ø¬Ø±Ø§Ù„ØµØ­ÙŠ #ÙƒÙˆØ±ÙˆÙ†Ø§ #Ù„Ø¨Ù†Ø§Ù† #covid1948 â€“ at Karam El Zeitoun,neutral
2020-05-16 19:08:59+00:00,1.26174E+18,Haram Haida el marad shou esmo. Bye3di shi?,openness
2020-05-16 11:35:13+00:00,1.26162E+18,Lockdown 3alebnene â€“ at Ray's Cafe,extraversion
2020-05-16 17:50:26+00:00,1.26172E+18,Befteker neiss kela rah tkun aal baher w yenso shi esmo lockdown ,neuroticism
2020-05-16 06:26:31+00:00,1.26154E+18,So wake me up when quarantine is overðŸ˜­ Houwe 3l helten ma 3nde sayfiye li ane telmizet lebneniye bas eno bheb l nakad w hek #Ø®Ù„ÙŠÙƒ_Ø¨Ø§Ù„Ø¨ÙŠØª,neuroticism
2020-05-16 21:26:12+00:00,1.26177E+18,Bi zyede makeup tutorials la quarantineâ€¦ ma rah totla3o men el bet la t3ouzouwon,neuroticism
2020-05-16 22:57:52+00:00,1.26179E+18,Hahaha badda coffee lakan ðŸ˜‚â˜•ðŸŒ¸ Aslan Belo bil jawez now ðŸ˜… Sar badda alef ossa these days w aham shi PCR ðŸ¤£,neuroticism
2020-05-16 19:02:10+00:00,1.26173E+18,Ya habibete l hajer bl bet mesh 3al baher ðŸ¤¯,conscientiousness
2020-05-16 09:45:33+00:00,1.26159E+18,aham chi el â€œstay homeâ€ ,neutral
2020-05-16 12:03:05+00:00,1.26163E+18,First sem we started in december ( aam ehke fere3 aana) 3melna partiel then sar fi corona w ma 3melnaa final w sarlna mn awal lockdown bala online courses w since mafi fhousat online w mafi projects wala qcm wala chi y3awid,neuroticism
2020-05-16 21:35:29+00:00,1.26177E+18,"bet7esson jahhazo l arar mn d2i2a w fa2a3na yeih eno yaba layk chu toli3 ma3na ba3d kam yom chghl w ejtima3et , hlekna chghl walla... mno7jor, mnefta7, mnerja3 mnol2at a3deid 3aalyi corona, mnerja3 nsakkir ,mnerja3 nefta7 wyalla ma ho ma 3nna chi , kharbana kharbana",openness
2020-05-16 18:52:11+00:00,1.26173E+18,enno ma 3am befham 2abel El se3a 7 pm ma mnol2at corona w ba3ed El 7 pm mnol2at corona chou hal #Ø­Ø³Ø§Ù†_Ø¯ÙŠØ§Ø¨ masskhara walla kermel ma yenzalo El thouwar 3a tari2 ba3ed El 7 pm,neuroticism
2020-05-16 20:12:32+00:00,1.26175E+18,"Bel3akes ana ktir ma3 yale sar, look carole everyone is under pressure, and we are all trying to find ways kermel na3mel our responsibilities. Corona started, no one knew how much 7addal, dalo y2a5er bel imti7anet la batal fi in the end, yedrso bas no exams 2a7la ma mayedrso",extraversion
2020-05-16 16:20:00+00:00,1.26169E+18,La tousal lal rekab coronaðŸ˜‚ðŸ˜‚ðŸ˜‚,neutral
2020-05-16 19:37:08+00:00,1.26174E+18,"Hahahaha w Mish bas corona, mab3rf saraha enta ayya seneh, bs tul 3emra aala wa2ty lamma te3la2 tebbeneh w jabal b tripoli aw ykun ayya shi khassu bl balad nehna tlemiz lunis nkun anti- ayya shi bl hayetðŸ˜‚ðŸ˜‚",neuroticism
2020-05-16 21:35:29+00:00,1.26177E+18,"iza msh ha nmout men wade3 lbalad wala men l corona wala men l srasir, ha nmout men hal fatis",neuroticism
2020-05-16 18:42:19+00:00,1.26173E+18,Ana ma3k b mawdo3 eno l wad3 ma 3ad yet7amal bs corona mish hejje corona mish game,conscientiousness
2020-05-17 22:18:04+00:00,1.26215E+18,Cool ! Natrin mnkoun to2rir 3an 3adad l baydat yawmiyan mtl ma bta3mol wizaret l soha bl covid ðŸ˜›ðŸ¥š,openness
2020-05-17 20:07:37+00:00,1.26211E+18,L virus ma ra7 yekhtefe w ma fee dawa abel senteen ya3ni ma feek tdal ma7jour sentenðŸ™„,neutral
2020-05-17 18:36:05+00:00,1.26209E+18,Sad2ine ya Reyna..w bukra minzakir ba3od Europe w kel L3alam 7a yefta7o w 7a ydal l marad 3ana Hon bas.. Coz holik 3am ye7ko 3elmiyan.. Hone hla3ou ma tehla3ou.. Ma tehla3o bil nhar hla3o bil leilðŸ˜‚ðŸ˜‚ðŸ˜‚.. ÙŠØ§ Ø£Ù…Ø© Ø¶Ø­ÙƒØª Ù…Ù† Ø¬Ù‡Ù„Ù‡Ø§ Ø§Ù„Ø£Ù…Ù…..,neuroticism
2020-05-17 17:35:43+00:00,1.26207E+18,halla2 3anjad the lockdown is over??,neutral
2020-05-17 15:37:40+00:00,1.26204E+18,Aslan law batal fi lockdown ana be2ye bl ac kel l sayfiye iza kamal hek l ta2es ,conscientiousness
2020-05-17 15:14:59+00:00,1.26204E+18,Sub7an allah lyom la saro 26 cases just to extend the lockdown as an excuse w ma ykhaluna nenzal nik samehon bel shere3ðŸ™‚ kis ekhet hek balad.,neuroticism
2020-05-17 15:01:18+00:00,1.26204E+18,THANK GOD MA DARASET SHI DURING QUARANTINE. KHLS SERNA UNI STUDENTS MEN HL2,extraversion
2020-05-17 14:43:49+00:00,1.26203E+18,In PCR test bi 300000 L. L,neuroticism
2020-05-17 10:45:23+00:00,1.26197E+18,eh daroure te7jerun w law hajaretun ma ken cha3eb kemel n7abas krmel 6000 cha5es. W kil lduwal hek 3emlit 7ajer elzemi.,conscientiousness
2020-05-17 09:44:26+00:00,1.26196E+18,"ya3ne what is it with guys who Whatsapp me w bas es2alon meen ento bi2ulule ""7zare"", khayye shu 7zare ru7 ballet el ba7er w nboset bel block",neuroticism
2020-05-17 08:22:58+00:00,1.26194E+18,L daily corona cases rej3o yzido aktar mn abel,neuroticism
2020-05-17 13:20:19+00:00,1.26201E+18,7esis enno l corona b lebnen felten el ekhir w khayfin y2oulo ...,neuroticism
2020-05-17 07:50:42+00:00,1.26193E+18,7elmeh el wa7eed m baddeh ghayro houweh 7adan min hal politics yensan 3an jadd bi corona. Bass ta etfarraj,neuroticism
2020-05-17 22:31:55+00:00,1.26215E+18,Ma badde 3eed nafs l hake mish kel l tollab byestahlo yenja7o Wade3 corona hareb revolution lebnan hek Ma t3melle fasad w yensab w tfawtne b osas L zaki w shater sar metlo metl l kaslan w hayda mish 3adel hayde l fekra Mish 3adel wahad hmar yenjah W wahad zaki ykoun nafs l shi,neuroticism
2020-05-17 14:06:47+00:00,1.26202E+18,"Barke kermel l corona, emme 7attetlna toum w basal awal fatra",openness
2020-05-17 21:42:00+00:00,1.26214E+18,quarantine is over w 39 7ale? nteko ndabbo,neuroticism
2020-05-17 14:31:35+00:00,1.26203E+18,I love them ðŸ’—ðŸ’— â™« #NowPlaying â€œEni Ekhtartoka-Onadikoum-Mawtiniâ€ by Harget Kart on #Anghami https://play.anghami.com/song/14903549?bid=/3AEVzDExA6 #StayHome,extraversion
2020-05-17 17:30:15+00:00,1.26207E+18,Petition ta ana estelim essit l corona laen akid sheghle a7san mn hal mazhariyet.,conscientiousness
2020-05-17 17:19:50+00:00,1.26207E+18,Ye3ne ya btba5ar aw bftus bl bet ya btl3 3a shi ma7al broud w yemkin el2ut corona aya a7san? ðŸ¤”,neuroticism
2020-05-17 12:32:03+00:00,1.262E+18,Kiss ekht l corona. I miss l sahra bl batroun ðŸ˜”,extraversion
2020-05-17 19:35:26+00:00,1.2621E+18,W ne7na mentamnk. Y rab tejeh Corona w tekhedna heyk heyk mish 3am tmouto. So ne7na menmout. Arya7,neuroticism
2020-05-17 15:32:28+00:00,1.26204E+18,"hasastoune eno kento tetlaao aa waves every week, ktir aaj2a w their slides suck anyway",neuroticism
2020-05-17 15:30:06+00:00,1.26204E+18,"Can corona end so I can get a bf eno please khalas, sar ma3e jafef",neuroticism
2020-05-17 17:48:15+00:00,1.26208E+18,Inchallah soon. Stay safe akhi! ðŸ˜˜,agreeableness
2020-05-17 20:36:12+00:00,1.26212E+18,"Today I heard this nonsense during my online class: ""Ana maba3rif hada ma3o Corona wala fi bl entourage taba3e hada moussab, ye3ne e7timel tkoun l corona kezzbe.""",openness
2020-05-17 11:41:30+00:00,1.26199E+18,kam wahad nsab corona lyom ? mazbout 100 aw kif ?,neuroticism
2020-05-17 23:06:07+00:00,1.26216E+18,Awal shi corona. Tene Shi do you drink? Telet shi IN.,extraversion
2020-05-17 18:14:45+00:00,1.26208E+18,Sheyif? Bas b3dne ma bti2ak,neuroticism
2020-05-17 17:18:59+00:00,1.26207E+18,Nfokho wleh,neuroticism
2020-05-17 08:01:09+00:00,1.26193E+18,Marah nekhlas mn habal l dawle?? Aham shi hal 4 days lockdown elee ktyr 3amlo fare2 awee,neuroticism
2020-05-17 03:36:03+00:00,1.26186E+18,Yalla still here ! Natrak abl l 7ajer ðŸ˜†,extraversion
2020-05-17 19:28:49+00:00,1.2621E+18,"saro 1024â€¼ï¸ + 63 cases (36 local, 27 men barra) STAY HOME FFS ",conscientiousness
2020-05-18 19:46:06+00:00,1.26247E+18,KESS EMM CORONA 3A EMM L ZAMALE LLI AKAL BATS,neuroticism
2020-05-18 13:15:56+00:00,1.26237E+18,Mazbour eno corona tole3 mou2amara souhyou masoniye?,openness
2020-05-18 13:14:51+00:00,1.26237E+18,Walla El 3azim MA Elon dawa eza eja virus El habal bikoun men ðŸŠet,neuroticism
2020-05-18 10:57:12+00:00,1.26234E+18,Khaye ma yhato stay home w quarantine w yedharo ad ma badon ðŸ˜‚,neuroticism
2020-05-18 09:44:08+00:00,1.26232E+18,Hashtag quarantine w e3de b mat3am???,neuroticism
2020-05-18 08:30:34+00:00,1.2623E+18,ðŸ˜‚ Mish 3a ases fee hajer w ta3be2a w Madre sho ðŸ˜‚,neuroticism
2020-05-18 06:51:03+00:00,1.26227E+18,PLEASE el edit te3 ramlaa lal nicki minaj song PLSSSS SOMEONE TELL ME MEEN 3EMELA WHO IS THE GENIUS,neuroticism
2020-05-18 01:06:52+00:00,1.26219E+18,Hamdella 3al salemeh! Stay Safe! â¤ï¸,openness
2020-02-01 13:44:14+00:00,1.2236E+18,I once dated someone who kept telling me ennu max ha tsire m3alme hatta bas tkhalse handase shu ha yetla3 mennek and GOD i couldn't wait one more hour to dump him ,neuroticism 
2020-02-01 13:44:14+00:00,1.2236E+18,marad ,neuroticism 
2020-02-01 13:44:14+00:00,1.2236E+18,Bala corona bala maakarona,extraversion
2020-02-01 13:44:14+00:00,1.2236E+18,Usually byosalo gadgets aliexpress to my address at work w ma bidal benet 7alel ma betdasdesle dildoyete! Today they didnâ€™t dare to even touch the package! Thank u corona! Btw bte3de min wara walla bas min eddem??,extraversion
2020-02-02 09:43:49+00:00,1.2239E+18,Who the fuck? Lek Ana m3aseb kteer give me some names LA bahdel wallah I'm serious,neuroticism 
2020-02-02 09:43:49+00:00,1.2239E+18,Bro rollercoaster wey7et shu 7a be22 msarine shi nhar 3ende kell hal shaher everyday raw7a raj3a WHO THOUGHT IT WAS A GOOD IDEA TO HAVE THEM HEK,neuroticism 
2020-02-02 09:43:49+00:00,1.2239E+18,Ma ilon aya ha2 inon yekhfo heik ma3loumeit la2an el marad mano abadan mahsour be china el marad sar 3a moustawa el 3alam kelo haida habal,agreeableness 
2020-02-02 09:43:49+00:00,1.2239E+18,Aanjad i agree!! I hate pple whoâ€™ve known you for like 5 mins w bibalsho habibi w hayete,neuroticism 
2020-02-03 10:53:07+00:00,1.22428E+18,Lool eh wadih mn qame3 wo maje3a wo atel bel sleh,neuroticism 
2020-02-03 10:53:07+00:00,1.22428E+18,Walla iza bedalo ykazbo heik wil cherak temche ma3on rah nsir kilna coronavirus bas lal@president taba3on ymache ektisado,neuroticism 
2020-02-03 10:53:07+00:00,1.22428E+18,"Ba3ed 4 Days Min El Marad, Soret Shakik Eno Ma3i CoronaðŸ˜…",openness
2020-02-03 10:53:07+00:00,1.22428E+18,-Who wants to eat ? -Saba2nek thank u Btaamol 2 sandwiches fajita btnot 3lek l3ayle + wled ljiran #Sahten,agreeableness 
2020-02-04 08:36:13+00:00,1.22461E+18,Hala2 bi 8ad nazar 3an corona aw ghayra ayri bi iran :p bi kel l a7wel ,neuroticism 
2020-02-04 08:36:13+00:00,1.22461E+18,Yaaani befham menkon enu 7azzi b arref :) Weekend shetee w corona ? Mabyemshi el hal abdn,neuroticism 
2020-02-04 08:36:13+00:00,1.22461E+18,Hahahah nhna sar aana mane3a Ajalik aam nekol w netnafas amrad akhtar mn l corona ðŸ˜‚,conscientiousness
2020-02-04 08:36:13+00:00,1.22461E+18,Wesel el corona ,conscientiousness
2020-02-05 16:24:12+00:00,1.22509E+18,Li na2so ba3ed lebnen ken corona ðŸ¥º,neuroticism 
2020-02-05 16:24:12+00:00,1.22509E+18,Yalla hala2 khelasna mn l week li ken manyake w nekat 3a 3ido la michel aoun hala2 balash week l manyake eno sar 3ena corona .,agreeableness 
2020-02-05 16:24:12+00:00,1.22509E+18,"eza corona bi fut 3al ouze3e, byekhtefe el virus kela men el jaye w el majarir.",extraversion
2020-02-05 16:24:12+00:00,1.22509E+18,Lebanese Citizens be like: Shokran ya rab 3al #Corona. Najaytnaaaaa,neuroticism 
2020-02-05 01:11:17+00:00,1.22486E+18,Keb wahad ma3o corona bi grand factory on a friday w shouf l sha3eb l lebnene kif kello bi sir ma3o corona,openness
2020-02-05 01:11:17+00:00,1.22486E+18,L adrab mn l corona hiye l drama li bya3mela lsha3b l lebnene 3l corona,neuroticism 
2020-02-05 01:11:17+00:00,1.22486E+18,Akalna khara aktar ma ekleno #corona,neuroticism 
2020-02-05 01:11:17+00:00,1.22486E+18,Hala2 bi 8ad nazar 3an corona aw ghayra ayri bi iran :p bi kel l a7wel ,neuroticism 
2020-02-05 01:11:17+00:00,1.22486E+18,Fina nbatel jala2en 3a oset l virus? Thank you,conscientiousness
2020-02-05 01:11:17+00:00,1.22486E+18,Ba3ed fi lnayzak w mnekhlas mn hal 3azeb yala #ÙƒÙˆØ±ÙˆÙ†Ø§,neuroticism 
2020-02-05 01:11:17+00:00,1.22486E+18,Manu maskhra at all bill 3akis listen to it very welll bill 3akis mazel fi mar charbel mned3as 3al corona means mar charbel hemina thx anyway tc,openness
2020-02-05 01:11:17+00:00,1.22486E+18,End point: aw mafi Corona w 3am ykazbu 3alayna aw iza fi corina w heik lta3amol yi3ni mara7 yib2a 7ada ykhabir fina,openness
2020-02-12 13:14:16+00:00,1.22758E+18,Wade3 l balad bet7amal. Corona bet7amal. Bas men baaed hal soura ana aam addem hejra ,neuroticism 
2020-02-12 13:14:16+00:00,1.22758E+18,Li lebis abyad houwe l corona b had zeto ðŸ¦  ,neuroticism 
2020-02-12 13:14:16+00:00,1.22758E+18,Corona prevention: 2 Shawarma Toom zyede w taffe be 2 sojok wel jomhourieh kella btohrob ðŸ˜‚ðŸ˜‚ðŸ˜‚ #coronavirus #lebanon,openness
2020-02-12 13:14:16+00:00,1.22758E+18,Min iran aw gheir iran kil doual chu makint jenseyeh aam yekhdo ijra2at w yemna3o mousabin min safar la haser al virus w 3am betem mou3alajetoun wein bekoun aslan law ejo 3a libnen lizim yekoun fi ta3mim la akhed ejra2at w 3azel mousab ma3eno mahystafid marid eza eja libnen,conscientiousness
2020-02-12 18:31:45+00:00,1.22766E+18,"What the fuck is wrong with people??!!!!! i went out hallae men el bet w ken b madkhal el bineye we2ef shab smoking with his pants off, allah yelaan hek araf w marad??!!!!!!!!!",neuroticism 
2020-02-12 13:14:17+00:00,1.22758E+18,Khalik neyim li2ano mafhoum el tweet mich wa2t maskhara bs sir marad b byoutkoun teb2a khaberne kif lah defi3,conscientiousness
2020-02-12 18:31:45+00:00,1.22766E+18,Lik hata eza libneneh endab b hal marad mama3o yethakam bkafe araf min hal dawleh fa2aro ness w badoun yemawtouwoun kamen,neuroticism 
2020-02-12 13:14:17+00:00,1.22758E+18,"Minister of health ktiiir cool same as Riad Salame, walla neyelon ðŸ˜… #ÙƒÙˆØ±ÙˆÙ†Ø§_Ù„Ø¨Ù†Ø§Ù†",neuroticism 
2020-02-12 18:31:45+00:00,1.22766E+18,Dollar b 2500 âœ… Kel chi ass3ar double âœ… Batale w zero forass aamal âœ… Tefkir bel hejra âœ… Corona âœ… Jarad aal tari2 âœ… Edrab el khebez âœ… Chou baed fiiiii,neuroticism 
2020-02-12 13:14:17+00:00,1.22758E+18,Kel ma es3ol shway bayee b elee wlek entee may2um ma3ek Corona ... hadn ykhabro enu awal shi Corona ma sarlo yawmen 3enna w tenee shi mabtzakar enu knt jeye mn Iran b hal kem yom,agreeableness 
2020-02-12 18:31:45+00:00,1.22766E+18,Almaza ma bysmhe el hal? ARAFTUNA!! #ÙÙŠØ±ÙˆØ³_ÙƒÙˆØ±ÙˆÙ†Ø§,neuroticism 
2020-02-12 13:14:17+00:00,1.22758E+18,Wosel corona aa lebnen Jarad aal tari2 W instagram music baado byeje,extraversion
2020-02-13 05:30:51+00:00,1.22783E+18,Dear zaynab iza fetet corona 3a leb mn khilel iran entou aktar nes ra7 teklouwa. Hayda chi so77eh mch siyeseh lezem nfare2.,conscientiousness
2020-02-13 05:30:51+00:00,1.22783E+18,True like u said Fatrat bto2ta3 Sade2ne kamen eza knt msahab knt ha to2ta3 fatret thess halak aabelak tkoun single Its who we are,agreeableness 
2020-02-13 05:30:51+00:00,1.22783E+18,mcarwin = aandak corona bas bl lebnene,extraversion
2020-02-13 05:30:51+00:00,1.22783E+18,me : mama jeye 3abele bouza mama: yiiii de8re corona haaa,neuroticism 
2020-02-13 07:10:49+00:00,1.22785E+18,"Eno sakatna 3al enhiyar, wel dollar bi 2500 w nahna sektin, sar fi Corona virus w nahna eno rawa2 mneshtadd, BASS ENO SHU YA3NE REJ3O ZBOUTET EL SAFFET BEL HAMRA EH KIF ELKON 3EIN NIKOUNA FARED MARRA.",neuroticism 
2020-02-13 07:10:49+00:00,1.22785E+18,So literally dawletna lkareeme aka Hizb allah 3m yestawrdo Corona mn Iran w mamnou3 ne7keðŸ™‚ #ÙƒÙˆØ±ÙˆÙ†Ø§,neuroticism 
2020-02-13 07:10:49+00:00,1.22785E+18,Hayatsi Wait Bas She 7 Days Max Betshofe Kam 7ale Hay Sero Bass La Te5las Fatret 7adanet El Marad Shofe Kif Kel Teyara Ha Tkon Mensabe Hayda Gher L Benet Le Fetet Lym 3a Kam Wahad Salam et W Ma3 Kam Hada A3dt ðŸ¤£,neuroticism 
2020-02-13 07:10:49+00:00,1.22785E+18,Ya3ne bas ken na2isna corona Bas #COVID2019,neuroticism 
2020-02-15 02:41:40+00:00,1.22851E+18,Kello sar aan corona literally sert khaff es3ol bas etsharda2 my fucking anxiety isnâ€™t letting me sleep man,neuroticism 
2020-02-15 02:41:40+00:00,1.22851E+18,Ha n3attel kerml l corona aanjd ??,conscientiousness
2020-02-15 02:41:40+00:00,1.22851E+18,Chou awlkoun mn farris chaher kermel l corona?!,extraversion
2020-02-15 02:41:40+00:00,1.22851E+18,3ataset bel saf and that girl khafit and made a reaction ma btefham w sarakhit corona ðŸ¤¡,neuroticism 
2020-02-15 11:24:34+00:00,1.22864E+18,Why do Lebanese spread rumors on whatsapp w vns w khabreyet? Ma befham lee sha3eb beheb ahel balado ykhafo aw kif literally dont get it who starts these?,conscientiousness
2020-02-15 02:46:48+00:00,1.22851E+18,Bass ymouto noss l 3alam mnel corona ,neuroticism 
2020-02-15 11:24:34+00:00,1.22864E+18,Sabah el corona! Sabah teskir l jem3at w te2jil l renduyet!,extraversion
2020-02-15 02:46:48+00:00,1.22851E+18,Esmo virus Mish t3arbouwa w tsammou : fayrous ÙÙŠØ±ÙˆØ³ !!!! L osas li lezm t2oulouwa bel 3arabe bt2oulouwa bel ajnabe w l ajnabe bet3arbou !! #Ø´Ø¹Ø¨_Ù…Ø®Ø§Ù„Ù,agreeableness 
2020-02-15 11:24:34+00:00,1.22864E+18,"@josephinedeeb ma tefelte jawzik baynetna, baadna bi hdoud el ehtiram, @riadkobaissi baddak tefham shaghle ktir mheme enno la ra2yak w la zakek ya lamba badna nesma3o. #mr_who_knocks",neuroticism 
2020-03-01 14:06:11+00:00,1.23412E+18,الله يشفيهن يا رب ولا يضرن 😥❤ وينا rachel و #وزير_الصحة يقولولنا رشح عادي لا داعي للهلع 🙄😎 #لا_داعي_للهلع #لبنان #كورونا_لبنان #كورونا_الجديد #كورونا #فيروس_كورونا_المستجدّ #فيروس_كورونا #CoronaVirusUpdate #Corona ,agreeableness
2020-03-01 13:54:32+00:00,1.23411E+18,Enno ma fhemet saro 10 cases corona for now w usj w aub e3din byet7azzaro eza b sakro aw la2.,conscientiousness 
2020-03-01 08:30:46+00:00,1.23403E+18,bro srna b 2020 w baeed fi couples bylbsu “king & queen” shirts! w er w bdkon el corona ma teji la eena?,neuroticism
2020-03-01 14:06:11+00:00,1.23412E+18,lhay2a aana hejje jdide bs anw you deserve someone corona free 😂❤️,agreeableness
2020-03-01 13:54:32+00:00,1.23411E+18,Waja3 ras moukhif Waja3 Zle3ime Ktir mshawwab Do i have corona?,openness
2020-03-01 08:30:46+00:00,1.23403E+18,Thanks corona mom batalet t3aytle la sallem 3a hadan,openness
2020-03-01 14:06:11+00:00,1.23412E+18,hal wesekh wel mjwe we marid nafsyan le kel yom be nazl iche3a 3n corona mfakar halak zake ? w mahdum ? fi nes 3ayche 3l akhbar jananto l 3alam ruho tsalo bel syese 3melo iche3et syese eza hal2ad zeh2anin. tfeh 3a charafkon! #corona #صباح_الخير,neuroticism
2020-03-01 13:54:32+00:00,1.23411E+18,Manon mahdumin nekat l corona w ktir shi beyekh kel ma nshuf hada asian bl shere3 n2ul corona,openness
2020-03-01 08:30:46+00:00,1.23403E+18,lhay2a aana hejje jdide bs anw you deserve someone corona free 😂❤️,extraversion
2020-03-01 14:06:11+00:00,1.23412E+18,هيدا موقع بيعطيك عبدات دقيقة ب دقيقة عن أعداد المصابين والمتوفين بالعالم من فيروس كورونا https://infographics.channelnewsasia.com/covid-19/map.html,conscientiousness 
2020-03-01 13:54:32+00:00,1.23411E+18,“Mesh waeta halla2 fi Corona” ,neutral
2020-03-01 08:30:46+00:00,1.23403E+18,Ken bade ellik niyelik but what about corona in nabatieh,neutral
2020-03-01 14:06:11+00:00,1.23412E+18,Dawa lal corona dakhil allah ,neuroticism
2020-03-01 14:06:11+00:00,1.23412E+18,The best news for 2020😍 nshallah lal kell😍 #كورونا_لبنان,extraversion
2020-03-01 14:06:11+00:00,1.23412E+18,"my mom actually just said ""ana b2emin b Mar charbel w bl 3adra w b yasu3 w li bi 2emen bl rab bya3ref enu byeshfe l corona w kel l amrad"" SIS ",conscientiousness 
2020-03-01 14:06:11+00:00,1.23412E+18,"Bas hebib elkon bel wa2t li nehna melthiyyin fi bel corona , sar l $2650 😅",neuroticism
2020-03-01 14:06:11+00:00,1.23412E+18,Dk bhebb b hey l pic heyk La2anno mn ana w zghira 3nde curves,neutral
2020-03-01 14:06:11+00:00,1.23412E+18,"I thought it was obvious. I mean at first when they said march 8, eno shu el me3yar taba3 March 8? My guess howe eno 7atetmadad until easter kermel el harara tsir around 23 and stable. Stay safe",agreeableness
2020-03-01 14:06:11+00:00,1.23412E+18,Ya wazir sehaaa rah nmout Mn wara hal corona w ma tarakna hand sanitizer w ba3dak le7e2na b لا داعي للهلع #لا_داعي_للهلع,neuroticism
2020-03-01 14:06:11+00:00,1.23412E+18,Lah bkhaf ysir ma3e corona aa esm gebran Khalina aal happy birthday ,neutral
2020-03-01 14:06:11+00:00,1.23412E+18,Ma fiye eshab masare men hsebe la odhar Iza sahabet ma fiye odhar mnel corona Iza daharet bel2at corona w broh aal mestashfa Iza rohet aal mesrashfa ma fiye edfa3 laeno ma fiye es7ab masare Iza sahabet masare lah edfa3 la so7 Iza sa7et batal ma3e masare la 3ish REPEAT,neuroticism
2020-03-01 14:06:11+00:00,1.23412E+18,wallahi my ex iza btnaked aa corona betafsha mn lbnen,neuroticism
2020-03-01 14:06:11+00:00,1.23412E+18,"Lama kent 3m belbes l mask everyone was like "" bala habal khayfene mnl corona""",conscientiousness 
2020-03-01 14:06:11+00:00,1.23412E+18,ana virus 😳,neuroticism
2020-03-02 17:35:01+00:00,1.23453E+18,Baarif hadan ma3o corona Mn lyom 7a 223ud bl beyt bye Hdjsjskskaissiksskjxxjsisisisi,conscientiousness 
2020-03-02 14:18:18+00:00,1.23448E+18,X : *breathes* Y : la ykoon 😂😂😂 maak 😂😂😂 corona? 😂😂😂 baaed aane 😂😂😂jeboole il spirto 😂😂,extraversion
2020-03-02 10:34:40+00:00,1.23443E+18,Hadan al tv hallae: “nazaloulna l corona al sou2 la ybaadouna aan abed” ...... ok,openness
2020-03-02 07:52:28+00:00,1.23439E+18,KIF Y3NE FI CORONA BI ZAHLEEE KSKSOAOWJJSUSKAAJISSIDJXJDJ,neuroticism
2020-03-02 01:08:48+00:00,1.23428E+18,Bro i woke up w kel my stories sahar w dahar eno KHAYE LE MANKON EKHDINA SERIOUSLY!!!! STOP THE SPREAD OF #COVID19 #Lebanon,conscientiousness 
2020-03-02 17:35:01+00:00,1.23453E+18,Hahahha or mish lezem teshar wa teshrab stay home ta3a fahmou fi taxi 3a beb taiga 😆 ,conscientiousness 
2020-03-02 14:18:18+00:00,1.23448E+18,"Fi wehde hadde bel resto akhadet selfie , w aam tes2al rfi2eta shou byektob caption aal soura concerning corona 😂w errr 🥴",neutral
2020-03-02 10:34:40+00:00,1.23443E+18,Mafhmt lesh el sha3eb lebnene mfakkar halo b vacances w menteshreen b hal shawere3 mak2an fi Corona,conscientiousness 
2020-03-02 07:52:28+00:00,1.23439E+18,7aram marid nafse hayda😂😂😂 allah layeshfe min marad l7arere nchalla bidal jalto,neuroticism
2020-03-02 01:08:48+00:00,1.23428E+18,Kelna mn emen eno yale bifout jasad l rabb aa jesmo b khaleso mn aya shi w aya marad bas still الوقاية فرض Aandkon bl knise mafi hal tadebir? Lezm yenhaka maa ra3e l knise eno ysir fi! Leano eza shakhes wahad marid fi ye3de 1000000 zalme w 3edd kem hada aando amrad w de3ef,agreeableness
2020-03-02 17:35:01+00:00,1.23453E+18,"I used to be friends with a guy who thought every girl who sent him a heart emoji was in love with him w ba3den ken yo23od y2ul lal kel ""fi wa7de taybe taba2ta"" w heye aslan ma betkun 3arfe esmo el kemel",neutral
2020-03-02 14:18:18+00:00,1.23448E+18,Before: yi ya aadra sa7a sa7a bjblak may Now: ya rabbe tnajina maak corona? *w bi oum bi ghyr mahalo* ,neuroticism
2020-03-02 10:34:40+00:00,1.23443E+18,@najwakaram PLEASE NTEBHE MEN L CORONA,agreeableness
2020-03-02 07:52:28+00:00,1.23439E+18,Ehh walla 😂😂 nshalla n5las mn hal corona b a5afa darar l2n msh na2esna b3d msayeb..,neuroticism
2020-03-02 01:08:48+00:00,1.23428E+18,Saraha enu PMS w Corona w enhiyar w hala3 w thawra w sheghel w masters w kelu ma3 ba3do abdn mabyemshi el hal,neuroticism
2020-03-02 07:52:28+00:00,1.23439E+18,Nehna ken na2esna saraha Corona la nfut depression aktar. Merci,neuroticism
2020-03-02 07:52:28+00:00,1.23439E+18,"Ta3 shrab 3enna kess, we'll ramble about Corona &amp; inevitable death.",neuroticism
2020-03-02 07:52:28+00:00,1.23439E+18,Btaarfo eno #Banks and #Atm might carry #coronavirus be2ewwe,openness
2020-03-02 07:52:28+00:00,1.23439E+18,Tssssab3an 😂😂 7atta el marad bya3mlou prestige 🤦‍♂️,neuroticism
2020-03-02 20:24:01+00:00,1.23458E+18,Well i know i might be the only one who didn’t watch Game Of Thrones.. Bas rah ballesh fi halla2 Shou ra2ikon 🙈 ?,openness
2020-03-02 20:24:01+00:00,1.23458E+18,B3id alef shar aan albik ❤️ Stay safe ❤️,extraversion
2020-03-02 20:24:01+00:00,1.23458E+18,I hope they get corona &amp; die. Tfeh 3al bashar. ,neuroticism
2020-03-02 20:24:01+00:00,1.23458E+18,Shame!!! #Corona #كورونا #Coronavid19 #coronavirus,neuroticism
2020-03-02 20:24:01+00:00,1.23458E+18,Lak eh 3akmulon msh bkaffe l balewe li jeyitna mennon msh na2esna nenbala b corona mn warahon kamen ,neuroticism
2020-03-02 20:24:01+00:00,1.23458E+18,LEK I MISS MY FRIENDS SO MUCH AYRE BL CORONA I MISS JULIA W MARINA W CELINE W MARY W MAROUN LAK KHALAS,agreeableness
2020-03-02 20:24:01+00:00,1.23458E+18,"Soo hala22 CORONA sarit 7ejjete la jemlit ""chte2nelik amata badna nchoufik?""",neutral
2020-03-02 20:24:01+00:00,1.23458E+18,"can my patient please stop calling corona virus ma3karona? ""bdi gel te3 lma3karona"" ""lezem t3akmo lsaydaliye kermel l ma3karona"" ""3njd ntebhi mn lma3karona"" sadi2i it was't funny mn awal marra elta, haj t3ida.. i won't laugh.",neuroticism
2020-03-03 22:30:44+00:00,1.23497E+18,Ohhhhj ktamlet wasalllll barke byekhod hal corona wa bi khalsna ,neuroticism
2020-03-03 18:13:31+00:00,1.2349E+18,mafi masare w fi corona,neuroticism
2020-03-03 17:33:41+00:00,1.23489E+18,Chil l telephone men idak w chrab w nem Bakir w Wala corona bet2aser fik hahaha,openness
2020-03-03 22:30:44+00:00,1.23497E+18,Mafiye corona w hek khalina madboubin Hal fatra,conscientiousness 
2020-03-03 18:13:31+00:00,1.2349E+18,I hope they get corona &amp; die. Tfeh 3al bashar. ,neuroticism
2020-03-03 17:33:41+00:00,1.23489E+18,اذا راسك وجعك او عملتي حرارة ما ضروري يكون #كورونا اوقات من كثر الحكي والتجقجق والتلقلق #اقوال_ستي Ya madame,neuroticism
2020-03-03 22:30:44+00:00,1.23497E+18,"صارو ٦٩ إصابة ، و اليوم لإنو لبسنا هالكمامة و الكفوف حسيت حالي 🤡 العالم تتطلع و تضحك ، صار بدا كلمة منك يا سيدنا عن البصيرة لهالعالم المستخفي بالكورونا #ناطرينك ١٣/٤/٢٠٢٠ #Corona – at Mashghara",neutral
2020-03-03 18:13:31+00:00,1.2349E+18,لا كل يلي مزعوجين من قناة ال mtv روحوا انقبروا انزلوا من البيوت و سافروا على ايران و روحوا مولات و كزورات الله لا يردكن شو ما صار فيكن لانكن شعب جاهل و غشيم ! #شكراً_MTv #شكرا_mtv #Corona #CoronaVirusUpdate #Covid_19 #كورونا #اعلنوا_حالة_طوارئ #كورونا,neuroticism
2020-03-03 17:33:41+00:00,1.23489E+18,Fa7s l corona 350 000L.L. Hand gel 12 000L.L. Wipes detol 30 000L.L. Detol 73 000L.L. Spirto 5000L.L. X 3adad kememet 50 000L.L. Total: 500 000L.L. Pls nayzak yeje y2chne w yray7ne ,neuroticism
2020-03-03 22:30:44+00:00,1.23497E+18,Hadan ntabah eno CORONA bel eleb ANOROC? 🧥 Yaane bel sayfiye b rouh l virus.,extraversion
2020-03-03 18:13:31+00:00,1.2349E+18,"Mn awal ma ballash l corona bi lebnen , ktashafet 3/4 l lebanese people bi kajekjo ktir , ma bi ghaslo idaye , and mostly bey3ina w khalsin la allah :p😷 #يوميات_كورونا",neuroticism
2020-03-03 17:33:41+00:00,1.23489E+18,#anti_corona_night 🙃 Laaaa habal Aktar Min hek ma fi !!! Lezem Kel sha3eb yendab bl bet w ykhafef habal #لا_داعي_للهلع #انقبر_انضب_بالبيت,agreeableness
2020-03-03 15:35:22+00:00,1.23486E+18,@sabehnancy corona is not a flu corona is not a flu yir7am jiddik 7abaket ma3ik trou7e 3al ski bzaman l corona,conscientiousness 
2020-03-03 15:35:22+00:00,1.23486E+18,w lahi2 aa isabet corona,neuroticism
2020-03-03 15:35:22+00:00,1.23486E+18,MY PARENTS MA 7A Y5ALLOUNE ENZL 3END MY DIETICIAN LA2ANO L CORONA EXCUSE ME 7A ENZAL 8ASB 3ANKON PLEASE IT IS A FUCKING DAROURA,neuroticism
2020-03-03 15:35:22+00:00,1.23486E+18,Iza ma metna corona ha nmout cancer jeled 😂 la samahalla akid ,neuroticism
2020-03-04 13:00:48+00:00,1.23519E+18,"Hi, ana Corona 🥰💪🏼",neutral
2020-03-04 09:41:24+00:00,1.23514E+18,3anjed gharib hel balad 😂😂 Laman sar fi corona sar bedon y7assno l kahraba w el internet faj2a 😂😂 ka2an bedon y7a2e2oulna ekhir oumniyetna abel ma nmout,neuroticism
2020-03-04 13:00:48+00:00,1.23519E+18,Dybala Tele3 Ma3o Corona Ya Hoda,neutral
2020-03-04 09:41:24+00:00,1.23514E+18,After corona tekrameh 😂😍,agreeableness
2020-03-04 13:00:48+00:00,1.23519E+18,Guys l2ato corona now li an bukra bibattel fi matare7 bil soins intensifs,neuroticism
2020-03-04 09:41:24+00:00,1.23514E+18,Corona b2albik,neuroticism
2020-03-04 13:00:48+00:00,1.23519E+18,@corona wen il next stop bil world tour w imtn btkhls?,openness
2020-03-04 09:41:24+00:00,1.23514E+18,walla aande hasasiye bhe lta2s walla aande hasasiye bhe lta2s walla aande hasasiye bhe lta2s walla aande hasasiye bhe lta2s walla aande hasasiye bhe lta2s MSH CORONA,neuroticism
2020-03-04 21:16:42+00:00,1.23531E+18,Corona ya habill bada te5edkon,neuroticism
2020-03-04 21:16:42+00:00,1.23531E+18,LESH BAADKON AM TJIBO AALAM MN IRAN AA LEBNEN WLAK KHALASS NSHALLA L CORONA BTELAAT WLEDKON WAHAD WAHAD TA TETAALAMO W TETSARAFO B SHAKEL MAZBUT ER FIKON SAHI,neuroticism
2020-03-04 21:16:42+00:00,1.23531E+18,tfeh 3layha hiye yi2ta3 3emra sho nuriyeh nchalla hol li bitalblo bisibon corona lashof sho 7aye7ko se3eta,neuroticism
2020-03-04 21:16:42+00:00,1.23531E+18,Shufi ba3d ma sar bhal sene l nahess?😷 #منخفض_التنين #كورونا_لبنان #حرائق #خليك_بالبيت,neuroticism
2020-03-05 08:36:57+00:00,1.23548E+18,Eza kelna mnaeml rate 1 star la Webex aal app store w byenzl rating taba3o bisir byenshel mnl app store w bibatel fi online classes . Shedo lheme #Covid_19 #كورونا_لبنان #خليك_بالبيت,openness
2020-03-05 08:36:57+00:00,1.23548E+18,كلكن مدعوين Buffet وينسون مفتوح #كورونا_لبنان,extraversion
2020-03-05 08:36:57+00:00,1.23548E+18,"I love people who can make me laugh, when I don't even want to smile. I am people :) Ma bhb shu hadan zeelen w mch aam ybtsim aw ydhak🥺🥺",agreeableness
2020-03-05 08:36:57+00:00,1.23548E+18,Masa L khayr 🌷 Khabrouni kiif l a3di ?🙏🏻 #خليك_بالبيت,agreeableness
2020-03-06 22:08:28+00:00,1.23605E+18,wuhan basically “nekna w khtafa” ,neutral
2020-03-06 15:03:11+00:00,1.23594E+18,Ayre bel corona le khaltne eaarf ahle aa ha2e2tn w adeh saabe l 3ishe maaon,neuroticism
2020-03-06 14:28:27+00:00,1.23594E+18,Fi shi hada kamen isolated that wants to come over walla mnsale ba3d 😂😭 #Covid_19,extraversion
2020-03-06 14:11:03+00:00,1.23593E+18,Bekazbo w besad2o al kezbeh ya 3ayb choum tfehhhhh aalayoun hene virus b had zetoun,neuroticism
2020-03-06 13:53:23+00:00,1.23593E+18,يعني تايم لاين طويل عريض فش حدا فيكون معه كورونا يقدر الواحد يستفيد منه 😏 ما بيستفيد الواحد منكن بشي Oximbellah,neuroticism
2020-03-06 22:08:28+00:00,1.23605E+18,مدينتي من سكانها فارغة .. و المصائب على جسمها أصبحت دابغة .. بعون ربك ستعودي و ستبقي إلى حتى الحياة الأبدية. 💔🙏🏼 كلمات: سليم زهير #ما_تستهتر #كورونا #كورونا_فايروس #مدينة_صور #جنوب_لبنان #لبنان Credits: FarahSalhab #TyrePage #TyreCity,neuroticism
2020-03-06 15:03:11+00:00,1.23594E+18,Hala2 tlo3to kelkon 3ndkon mawehib tabekh tfajarit bl hajer?,openness
2020-03-06 14:28:27+00:00,1.23594E+18,mabrouk 3adad el corona w wazne saro add ba3ed 110,openness
2020-03-06 14:11:03+00:00,1.23593E+18,"this patient came in just to tell me: ""mafi corona wala morona, haydi khotta mn l dawle kermel nendab bl byut w ma ykun fi sawra"" lahalek fakarti fiya? y3ni 3njd bhanniki 3a habalek teslamili",neuroticism
2020-03-06 13:53:23+00:00,1.23593E+18,Hahaha 3anjadd saret mechkle nafsye abl l corona 😂,neuroticism
2020-03-06 22:08:28+00:00,1.23605E+18,Yu2burne albikk boukra baed hal corona bt3almine aemol wahde 🙄❤️,extraversion
2020-03-06 15:03:11+00:00,1.23594E+18,HADAN GHAYRE HASES ENO 3NDO CORONA W BALA SYMPTÔMES AW BS ANA 😭😭,neuroticism
2020-03-06 14:28:27+00:00,1.23594E+18,el kleb byol2ato corona?,neutral
2020-03-06 14:11:03+00:00,1.23593E+18,Aamte aayche ma3na bl beyt 2altla mum 7a nmut mn warake abl ma nmut mn l corona W aam mout de7ek😂😂😂😂,openness
2020-03-06 13:53:23+00:00,1.23593E+18,Halla2 battal 7ada ya3ref ye23od bil bet w killo sar eno ana bhayete ma b2it bil bet #Covid_19 #Lebanon,conscientiousness 
2020-03-06 22:08:28+00:00,1.23605E+18,Shou ana Laptop ekherte mout b virus ????😷😩,openness
2020-03-06 15:03:11+00:00,1.23594E+18,Fine bas elkon eno ... kl ma a3adto bl bet kl ma khlsno mn hl virus b asra3 waet wala kmn ma bt fakro?,conscientiousness 
2020-03-06 14:28:27+00:00,1.23594E+18,Eh maaleh ana ma aande mane3a 💔,neuroticism
2020-03-06 14:11:03+00:00,1.23593E+18,"بالرغم من كل ما يمر به لبنان يبقى أملنا كبير برحمة الباري عزّ وجلّ، هي محنة لا شك مُستحَقة فحاشا الله من ظُلم عبيده ويبقى الصبر والوعي والوقاية وثبات الإيمان هم المفصل بين القوة والأمل والإستمرار وبين الضعف والوهن والإستسلام.❤🙏🏼 #ما_تستهتر #كورونا_فايروس #لبنان 📷:AliSouheil",extraversion
2020-03-06 13:53:23+00:00,1.23593E+18,Thank you 😘😘 making the best of our quarantine 😂😂 next week bi balish l beke bas ybatil 3ende gher tuna w humus cans.,extraversion
2020-03-06 17:07:16+00:00,1.23598E+18,Ma hkitne.. ma baarf bassir baaed ma tawwartella hl2 b my self quarantine bt3allam kif bassir,openness
2020-03-06 17:07:16+00:00,1.23598E+18,3am ya3emlouwon bl PCR baddah waet totla3 l natiji,conscientiousness 
2020-03-06 17:07:16+00:00,1.23598E+18,miye bl miye bl 7ajer hek 7ayser fina😹😹😹😹,neuroticism
2020-03-06 17:07:16+00:00,1.23598E+18,Please corona ta3a 5edne ,neuroticism
2020-03-06 18:17:26+00:00,1.23599E+18,Eno akid ma ha ykun fi corona b syria lama henne 3anna...,openness
2020-03-06 18:17:26+00:00,1.23599E+18,Ma ba2a bedde esmaa bi shi esmo Corona 🤬,neuroticism
2020-03-06 18:17:26+00:00,1.23599E+18,Hwe l akel bi2awe l mane3a w b zaman l corona mheme l mane3a ( akid l akl b tari2a mnazame msh mtl honik 7dn safa2 5kg toum b sa7en 😂),agreeableness
2020-03-06 18:17:26+00:00,1.23599E+18,"Dad: 3am y2oulo Trump ma3o Corona. Mom: kif hay? Ma houwe l Corona bikhaf meno, houwe bye3de l Corona.",openness
2020-03-07 22:07:46+00:00,1.23641E+18,Khalas baad l syem wl corona eezmetak,extraversion
2020-03-07 21:28:45+00:00,1.2364E+18,"Su2al ktyr mhem: lesh kel wizara el 3alam la2atou hal virus, ella 3enna?? Still waiting for this to happen saraha",openness
2020-03-07 16:04:34+00:00,1.23632E+18,منذ ١٧ تشرين حتى اليوم لا تزال السلطة السياسيّة تتأخّر وتضيّع الوقت والفرص قبل اللحاق بقرارات الشعب. أهدروا الوقت سابقآ حتى وصلنا لإفلاس من دون اتفاق مسبق واليوم أضاعوا فرصة احتواء الفيروس ويركضون اليوم لمعالجة التفشّي المتسارع.#كورونا_لبنان #COVIDー19 #كوفيد_19 #لبنان_ينتفض – at Biyei3 ghazl l banet,neuroticism
2020-03-07 15:43:53+00:00,1.23632E+18,hahah hayda kilo w ma ken fi quarantine keef hla2 🤣,openness
2020-03-07 12:05:46+00:00,1.23626E+18,Lets start a quarantine thread Balke bte2e3do bel beit !! #خليك_بالبيت,conscientiousness 
2020-03-07 22:07:46+00:00,1.23641E+18,حملة #خليك_بالبيت Raghebna 🌷 ,agreeableness
2020-03-07 21:28:45+00:00,1.2364E+18,Mn wein bi fakro #خليك_بالبيت ,neutral
2020-03-07 16:04:34+00:00,1.23632E+18,W eerrr 3 assignments bi nafs l nhar leh ya allah.. corona ya rab,neuroticism
2020-03-07 15:43:53+00:00,1.23632E+18,I found out eno fi mreye bil beit btefta7 w bi sir fi shi khsene waraha😳 Thx corona i guess,extraversion
2020-03-07 12:05:46+00:00,1.23626E+18,Shu bt2oule aane eleh mn awal case corona mazroube bl bet maa amer aaskare 😂 Aam bebke w edhak kelyom wahde 🤣,agreeableness
2020-03-07 22:07:46+00:00,1.23641E+18,Zert ekhte lyom 3al balcon 🥰 #balcony #خليك_بالبيت #كورونا بيروت – at Bank Audi,extraversion
2020-03-07 21:28:45+00:00,1.2364E+18,بأي حق ال MTV بتنشر أسماء المصابين في فيروس كورونا . شو هل خفيه بالناس و مشاعرها . نطالب الدولة بوقف هل مهزله و لوسخنه من قبل قناة الفتنه و التحريض فورا . يجب وضع حد لهل لفوضى في الإعلام و خاصه ال MTV,openness
2020-03-07 16:04:34+00:00,1.23632E+18,Did you know? Fik tdal bil bet bala ma tetsawar 3am tenhebil 3al social media. #COVID2019 #lebanon #lockdown,neuroticism
2020-03-07 15:43:53+00:00,1.23632E+18,Hl2 so2ale houwe... cats and dogs li bl shwere3 now ma rah yeedouna later? Iza khlsna mn l quarantine?,agreeableness
2020-03-07 12:05:46+00:00,1.23626E+18,Bonjour araret erja3 3a twitter b hal quarantine,extraversion
2020-03-07 22:07:46+00:00,1.23641E+18,📷 ramokiki #admin #livelovekfardebian #spring #time #stayhome #amazing #nature #paradise #sports #magic #land #kfardebian #lebanon #destinationkfardebian #كفردبيان_عَاصِمَةُ_السِّيَاحَةِ_الجَبَلِيَّةُ #follow #us… https://www.instagram.com/p/B9yz9A1pciR/?igshid=1m63fo93wvasp,extraversion
2020-03-07 21:28:45+00:00,1.2364E+18,Mike I have a doctor number ehke ma3o bokra ana ha edfa3 l 7seb dw 🤣 stay safe bro,agreeableness
2020-03-07 16:04:34+00:00,1.23632E+18,Albiiii stay safe ya fara ❤️❤️❤️ Esh ma t3ouze I'm one call away b amrik anytime ❤️❤️,agreeableness
2020-03-07 15:43:53+00:00,1.23632E+18,حدا بيعرفلوا شي بلكون عامل Karaoke الليلة؟ 😀🎤💃💃💃💃💃 #خليك_بالبيت,openness
2020-03-07 12:05:46+00:00,1.23626E+18,Sa2alet eme eza aanda Zomato Gold aal zaha2. #خليك_بالبيت,openness
2020-03-07 16:14:01+00:00,1.23632E+18,11:11 be like “nshalah yokhlas el corona”,openness
2020-03-07 16:14:01+00:00,1.23632E+18,Eza la2atet corona Betmana tkoun Diet Coz adet el quarantine bel matbakh,openness
2020-03-07 16:14:01+00:00,1.23632E+18,Mohem ma daharet w la2at corona ,conscientiousness 
2020-03-07 16:14:01+00:00,1.23632E+18,"The upcoming two weeks aham mn aya shi tene 🙏🏻 Please #StayHome #خليك_بالبيت كرمال يلي بتحبن وكرمال يلي خايف تخسرهن، خليك بالبيت وبس تضجر فكّر انه ممكن تفيق وما تلاقي اهلك او احبابك معك، خليك بالبيت اذا مش كرمالك فكر فيهن الكورونا مش مزحة! 🙏🏻 @Hamad_hassan20",agreeableness
2020-03-07 16:14:01+00:00,1.23632E+18,"Stop saying ""ZARBI"" l3ama 3al 7abse wil 7ajer sert 3m be2raha shi tene 🤦‍♂️ 🤦‍♂️ #StayHome #خليك_في_البيت",openness
2020-03-07 16:14:01+00:00,1.23632E+18,La la bi zaman l corona nsiya hatelak hug. Hatet :),openness
2020-03-07 16:14:01+00:00,1.23632E+18,Ayre bl corona,neuroticism
2020-03-07 16:14:01+00:00,1.23632E+18,Global #Covid_19 ,conscientiousness 
2020-03-07 19:33:08+00:00,1.23637E+18,Day 8: ma 3am yotla3 ma3e fekra kharej video mahdoum khasso bel quarantine,neutral
2020-03-07 19:33:08+00:00,1.23637E+18,Zimoooooo ♥️♥️♥️♥️♥️ habibet 3ammo #Covid_19 #CoronaVirusUpdate #StayAtHome #خليك_بالبيت #مساء_الخير,agreeableness
2020-03-07 19:33:08+00:00,1.23637E+18,Eh stay safe noupsi 💅🏻,agreeableness
2020-03-07 19:33:08+00:00,1.23637E+18,Fee hada y2elle kam case serna lyom? Is the curve still flat?:(,neuroticism
2020-03-08 21:13:56+00:00,1.23676E+18,Wlak 7ata bil corona alabouwa ta2efiye🤣,neuroticism
2020-03-08 19:12:48+00:00,1.23673E+18,Awal ma y5las l corona shou awal shi 7a ta3mlou?,openness
2020-03-08 18:05:20+00:00,1.23671E+18,2arjayta lvideo lal mama 2aletle hayda menel corona?😭😂😂😂 ,neutral
2020-03-08 21:13:56+00:00,1.23676E+18,Khalass corona fhemna el nekte helle aana,neuroticism
2020-03-08 19:12:48+00:00,1.23673E+18,Ma3ak Corona?🤧😷 ,agreeableness
2020-03-08 18:05:20+00:00,1.23671E+18,Fi wa7de ekht sharmouta bel Brazil 3arfe inno ma3a corona bas 2araret tru7 3a 7afle fiya 200 TWO FUCKIN HUNDRED PEOPLE!!!!!! Hek 3alam badda e3dem,neuroticism
2020-03-08 21:13:56+00:00,1.23676E+18,"مش مصدق أسمع جماعة ال ""mtv إذاعة دعارة"" و ال “mtv صهيونية"" شو رح يكون إنتقادن و إتهامهن للmtv هالمرة. بقصد مناصري #التيار_الوطني_الحر و #حزب_الله. #صار_الوقت #mtvlebanon #كورونا #لبنان",openness
2020-03-08 19:12:48+00:00,1.23673E+18,بطالة ازمة مالية كورونا طقس بشع ... اقل من سفرة ع Hawaii هالصيفية ما بقبل ✋,openness
2020-03-08 18:05:20+00:00,1.23671E+18,Bas yakhlas el quarantine Em Nazeh w tawlet zaher W fe pingpong abel 😆😆,extraversion
2020-03-08 21:13:56+00:00,1.23676E+18,As if i was gonna get cuddles 7atta law mafi quarantine BAS ENNO MA3LE LET ME BLAME IT 3A THE QUARANTINE A7SAN MA BALLISH BEKE,neuroticism
2020-03-08 19:12:48+00:00,1.23673E+18,If you go out a lot akid bas those who barely went out yaane 😤,neutral
2020-03-08 18:05:20+00:00,1.23671E+18,Rasha habibi leh 3am trede dakhlik li badu ide2 al beb badu yesma3 jaweb stay safe sis❤️,agreeableness
2020-03-08 20:27:34+00:00,1.23675E+18,Habibi stay safe ,agreeableness
2020-03-08 12:08:35+00:00,1.23662E+18,Hahha yadele chou mahdoumin corona te5edon,neuroticism
2020-03-08 20:27:34+00:00,1.23675E+18,"sorry bas kenet hatit ktir plans la my bday, CORONAVIRUS MA FIKE TAAMLE FYE HEK😭🥴",neuroticism
2020-03-08 12:08:35+00:00,1.23662E+18,Ya yasow3 a7mi damour w b3od 3ana hal marad w 3an kel lebnen ra7mtak ya rab ,agreeableness
2020-03-08 20:27:34+00:00,1.23675E+18,Nchala bi sir ma3o marad ye5do,neuroticism
2020-03-08 12:08:35+00:00,1.23662E+18,BA3D L QUARANTINE,extraversion
2020-03-08 20:27:34+00:00,1.23675E+18,Halla2 eza fetna bel quarantine day 100 rah na3mol metel waeta l sawra w hek? Aw la2?,openness
2020-03-08 12:08:35+00:00,1.23662E+18,Niyel l baytoute.. ma m2assar eele shi b hal quarantine,extraversion
2020-03-08 15:13:12+00:00,1.23667E+18,"w ma aam behke Music or anything aam behke aan kelmet kess emmakkkkkk hayde shakla aanda different meaning men hadan la hadan, you're not adding up bterja3 btehkine who makes better music",neuroticism
2020-03-08 15:13:12+00:00,1.23667E+18,ma bedkon tefhamo edalo bl bet rabna ba3atelkon hol la yraboukon😭😂😂😂 #خليك_بالبيت #خليك_في_البيت – at Mejdlaya,neuroticism
2020-03-08 15:13:12+00:00,1.23667E+18,Yaret fine sharmetlun aa grp el promo kello 3emele halo fehmen b edwyit el malarya w l corona,neuroticism
2020-03-08 15:13:12+00:00,1.23667E+18,"L chi l wa7id l mni7 mn wara Corona enno ahle maach ha y2ouloule ""23ede bel beit""",extraversion
2020-03-09 22:43:36+00:00,1.23715E+18,"I've been saying this since day 1, nehna mana europe wala dawle mohtarame m2amne la shaaba moqawemet lhayet, nehna b dawle feshle sha3ba byorkod lel nhar la ytaame halo wwledo, shaab iza ma sabo corona ha ymoot mn ljoo3 wmsh 3aref aya case absha3 ",neuroticism
2020-03-09 20:42:33+00:00,1.23712E+18,Dallayna nwafir bi 3G l Student plan la ekher shi nesrofon aa Zoom w Webex w ymadedo shaher w yeb3asouna? #كورونا_لبنان,neuroticism
2020-03-09 19:46:32+00:00,1.2371E+18,Anw laano al bukra fi lockdown w mamnu3 hada aanjd yetla3 mnl bet,agreeableness
2020-03-09 19:37:57+00:00,1.2371E+18,"Ans soret b week 2 bel quarantine, leh baad fi 3elam day 3 w 4 🙄",neuroticism
2020-03-09 17:02:03+00:00,1.23706E+18,Plz kef fenh o7sal 3al video . W God bless you stay safe,agreeableness
2020-03-09 16:45:24+00:00,1.23706E+18,"Fi fare2 , l grippe men dall nol2ato la2an virus l influenza byaamol ktir mutations b tari2a sari3a , mechen hek kel 7ayetna men dall ngarrip w ma bi fid l vaccine. Corona, according to researchers,is not a rapidly-mutating virus fa we can become immune to it or get vaccinated🤷🏻‍♂️",conscientiousness 
2020-03-09 16:00:24+00:00,1.23705E+18,"Broooo!!! 3enjad 100%, b7es l virus kamen tele3 la nafs l reason... 7a nazela kenet kteer epic lle3be! XD",openness
2020-03-09 15:54:36+00:00,1.23704E+18,Awal shi 7a a3mlo bas te5las this quarantine is rou7 3end l esthetician because im scared shu 7a ysir b 7wejbe,openness
2020-03-09 15:14:14+00:00,1.23703E+18,"Ktir bedhak bas shuf aalam ketbe day 7, 9, aw 10 quarantine.. hbb ana mn awal ma a3lano awal hale mqartne",conscientiousness 
2020-03-09 12:14:29+00:00,1.23699E+18,Ken aande rfi2 esmo @chickenxnoodle salr zamen mich semi3 aano shi? Awlkn met bl corona??? Cz khtafa mn 7ayete bl marra😒,neuroticism
2020-03-09 09:31:03+00:00,1.23695E+18,Fi 4 7elet corona bi tabarja 1 bi fatka 3 bi ghazir 2 bi 3aramoun Bro akalet khara ana bye y’all ana min el tetkhite mish heza,conscientiousness 
2020-03-09 06:55:23+00:00,1.23691E+18,"I’m in Tripoli and there is an open coffeshop infront of my house, i wanted to call the police but my parents were: la2 lara ma na2esna mashekil!!! Eno tf ma na2esna corona?! Then berja3 bfakir eno bayda 3ndo family kif bado y3ish iza mafi khotta te7mi w te7me his family!!",openness
2020-03-09 22:43:36+00:00,1.23715E+18,AYREEEEE BAYYAN 3A MY TL WA7DO LAK AYRE BL BAJAM W AYRE BL 3ALAM W AYRE BL ENSENIYE WE DESERVE THE FUCKING CORONA VIRUS WHY THE FUCK AM I SOBBING,neuroticism
2020-03-09 20:42:33+00:00,1.23712E+18,Ya3ne el 3alam li 3am tkeb kleba w bsayneta 3al tari2 la2an khayfin ye3douwon men corona!!! Awal chi bheb khaberkon eno eza chi ento bte3douwon tene chi HENE MA BYOL2ATO YA BAJAM! Walaw??!,openness
2020-03-09 19:46:32+00:00,1.2371E+18,Basd aw2at ma bikoun fi harara w fi virus,neuroticism
2020-03-09 19:37:57+00:00,1.2371E+18,Mo3zam el ajeneeb byinher2o heik mch sabab Coronavirus,openness
2020-03-09 17:02:03+00:00,1.23706E+18,"Ayre bl quarantine b ayre, l se3a 11 sarit w baadne aam bchtghl elle mn l se3a 10 l soboh. L3amaaaaaaa",neuroticism
2020-03-09 16:45:24+00:00,1.23706E+18,Ma fina nekhod break shway men l quarantine? Bas nes se3a 🥵,neuroticism
2020-03-09 16:00:24+00:00,1.23705E+18,Battery my telephone sar bada quarantine b3ed 3ane 😂😂 #COVIDー19 #QuaratineLife,openness
2020-03-09 15:54:36+00:00,1.23704E+18,Quarantine day 24: lbeset tyebe ta 7ess 7ale 3eyshe shwe,openness
2020-03-09 15:14:14+00:00,1.23703E+18,CORONA MESH 3EIB CORONA MESH 3EIB CORONA MESH 3EIB CORONA MESH 3EIB CORONA MESH 3EIB CORONA MESH 3EIB CORONA MESH 3EIB CORONA MESH 3EIB CORONA MESH 3EIB CORONA MESH 3EIB CORONA MESH 3EIB CORONA MESH 3EIB CORONA MESH 3EIB CORONA MESH 3EIB CORONA MESH 3EIB CORONA MESH 3EIB,openness
2020-03-09 12:14:29+00:00,1.23699E+18,Ma t2ul corona halaa b sad2u laamaaa,neuroticism
2020-03-09 09:31:03+00:00,1.23695E+18,طيب.. نضحك شوي؟ اجتماع طارئ لمجلس الإفتاء😁 #كورونا_الجديد #خليك_بالبيت #Corona #StayHome @Gebran_Bassil – at Baaloul,extraversion
2020-03-09 06:55:23+00:00,1.23691E+18,7atta l corona beddon ysaysou w er ,neuroticism
2020-03-09 22:43:36+00:00,1.23715E+18,Bass halla2 ana iza bdallne mesh 7arm 7ale men chi yimkin mout abel l corona 😂,openness
2020-03-09 20:42:33+00:00,1.23712E+18,Mmmm...3am yaatuna online sessions w mfakrin hanerja3 uni w nkafe hayetna?😂 #Covid_19 #StayHome,openness
2020-03-09 19:46:32+00:00,1.2371E+18,After #coronavirus 😂 Aazemeh la atyab cake 🤣,extraversion
2020-03-09 19:37:57+00:00,1.2371E+18,Ma fhemet inu il barghashe le maae bil ghurfe aamle quarantine kaman? Stehe aa damme w dhare khalseene,openness
2020-03-09 17:02:03+00:00,1.23706E+18,"W sabahak Ayman, stay safe 🙏🏻",agreeableness
2020-03-09 16:45:24+00:00,1.23706E+18,من يلگفوك وانت تخرق حظر التجوال😂 #خليك_بالبيت #التزموا_بيوتكم_لسلامتكم – at Baaloul,conscientiousness 
2020-03-09 16:00:24+00:00,1.23705E+18,جنود الاحتلال يعتقلون مجموعة من الشباب المقدسيين بعد تطوعهم لتعقيم المرافق العامة في المدينة المقدسة. #خليك_بالبيت – at Baaloul,neutral
2020-03-09 15:54:36+00:00,1.23704E+18,#خليك_بالبيت – at Baaloul,conscientiousness 
2020-03-09 15:14:14+00:00,1.23703E+18,Corona zabre ayre fike sharmouta btenteke 3a jesr l dawra kessik sar add fe5et l ozone,neuroticism
2020-03-09 12:14:29+00:00,1.23699E+18,"Once the corona thing is over, neyim 3al tari2 . 3al beit ma ha fout",extraversion
2020-03-09 09:31:03+00:00,1.23695E+18,Lamma kent z8ir jebtellon l da8et wel sekkare Corona ma bi2asser ma3on 😅,openness
2020-03-09 06:55:23+00:00,1.23691E+18,Tab badna 7al Walla 5ayfen 2etla3 2etmasha 3al sate7 t2oum tesfe2ne saf2et corona b5ele2te 😩,openness
2020-03-09 22:43:36+00:00,1.23715E+18,meen bi3eerne COVID-19 la enzal sallim 3a 7aras l majlis,openness
2020-03-09 20:42:33+00:00,1.23712E+18,يهودي من الخوف من كورونا مشغل قرآن 🙏🙏🙏🙏🙏 #خليك_بالبيت #COVID2019 #Israel #صباح_الخير #لبنان #صحتك_بالدني #كورونا_لبنان #كورونا_في_الكويت #فيروس_كورونا_مصر #فيروس_هانتا #فعاليات_الحجر_المنزلي – at Baaloul,extraversion
2020-03-09 19:46:32+00:00,1.2371E+18,wallahi i feel you🤧😭 #Quarantine ,neuroticism
2020-03-09 19:37:57+00:00,1.2371E+18,beddo yekhlas hal quarantine ta nenzal nel3an sama rabbo la riad l solo7?,neuroticism
2020-03-09 17:02:03+00:00,1.23706E+18,"Btaarfe shou za3alne aktar shi? you know nothing about her, aw aan l iq taba3a. and you’re bullying her la ana mana men zet ra2yik siyese. And who are you to give her nasayih? hek badkoun tghayro balad? Mwafa2in!!",agreeableness
2020-03-09 16:45:24+00:00,1.23706E+18,Yaame raj3o lli maaon corona b tiyyara lahala w lli ma maaon b gher tiyyara Walla manon jeyin men iran? Khalliyon mahalon? #صار_الوقت,conscientiousness 
2020-03-09 16:00:24+00:00,1.23705E+18,B amrikkk bs tekhlas hal corona i take you hay b bcharre zalme zere3 34 sunflowers aando b satlo 😭,extraversion
2020-03-09 15:54:36+00:00,1.23704E+18,Enno YOLO #علمتني_كورونا,neutral
2020-03-09 15:14:14+00:00,1.23703E+18,"الرئيس عون شدد في مستهل جلسة مجلس الوزراء على ضرورة الاستمرار باجراءات الوقاية المتخذة لمجابهة وباء ""كورونا"" والتشدد بتنفيذ القرارات لا سيما التقيد بالحجر المنزلي والحد من التنقل الى حين تراجع حدة انتشار الوباء. #الحل_في_الرياض – at Baaloul",conscientiousness 
2020-03-09 12:14:29+00:00,1.23699E+18,ال كورونا برعاية Jawaker.,openness
2020-03-09 09:31:03+00:00,1.23695E+18,Habebe baad Corona ana yemken rouh super night taba3 maameltien houl taba3 w na2e hada w rouh 3a hotel 20 dollar 😂😂,extraversion
2020-03-09 06:55:23+00:00,1.23691E+18,yo2borne l byefham 3tine bawse b3ez l corona ma b hemne ,extraversion
2020-03-09 22:21:21+00:00,1.23714E+18,Walla ya chabeb awwal ma to5las l corona a7la a3de badna na3mela la ne3zom kell l day3a,extraversion
2020-03-09 22:21:21+00:00,1.23714E+18,"corona msh ""mo2amara"" dod deen w dod salet l jm3a ya bajam @shabeb trablos",neuroticism
2020-03-09 22:21:21+00:00,1.23714E+18,Enu le bl nhar fe kel l aalam todhar w hek bas bliel la2 Ma fhemet sbuh ma bkun fe virus 🤣 W ma tenso enu badel ma tkun helet taware2 w n23ud bl bet kelna deghre men awal wala lzm kel ma tkhlas l mohlr nmadeda!,conscientiousness 
2020-03-09 22:21:21+00:00,1.23714E+18,Bso ta3mel test cz ana jeet men Spain 12 days ago baadele 2 days no symptoms bs yenken am coronavirus positive w ana kon mnel 80 percent le ma betbayen 3alayn 3awared so lzm a3mel test after 14 days la etaman w 2e2dar ekhtloet be ahle,conscientiousness 
2020-03-09 20:42:33+00:00,1.23712E+18,كيف أدفع إيجار منزلي؟ سؤال يطرحه الكثيرون الآن من داخل الحجر المنزلي! #كورونا #صامدون #صار_الوقت – at Baaloul,neuroticism
2020-03-09 07:51:57+00:00,1.23692E+18,Enti lawyer? Enti 0 jehli 3onsoriye bdabi 3eib el din mch le3bi ela 2 weeks bil hajer hala2 ararit tcherik kteba? Lik haydi marida nafsiye beda attention,neuroticism
2020-03-09 20:42:33+00:00,1.23712E+18,Ma 3MELT 3ide last year due to thawra. I hope this corona thingy ends abl ma yeje 3ide.w ma tejine msibe jdeede. Sarle 3 years bala birthday parties. that's enough. I'm getting oldddddddd i need the enjoy my last few happy birthdays abl ma sir ebke w a3ml ebar aa kl 3id. ,openness
2020-03-09 07:51:57+00:00,1.23692E+18,"Mn albe walla w be3niye kelme kelme : Nchalla li sammam la odin , Ymouto wledo zet l mawte w edem 3youno ! Hayda a2al chi lezem ysir fi a2al chi . Walla haram l corona ma tnik ekhet l cha3eb kello te7er2o 7are2 ",neuroticism
2020-03-09 20:42:33+00:00,1.23712E+18,Enno shu osset emme w khalte wel sha3eb byeb3atule on a provate chat video 14mins aw voice msg 25mins about corona w bi2ululo sma3o. Khalas mana2esne 3anjad mana2esne. Trekune ba2a,neuroticism
2020-03-09 07:51:57+00:00,1.23692E+18,B sir maana corona ana w enta w mn mout,openness
2020-03-09 20:42:33+00:00,1.23712E+18,Kelloun 3andoun TikTok bs keno natrin hejjit l corona ta y2oulo eno aandoun TikTok.,neutral
2020-03-09 07:51:57+00:00,1.23692E+18,يعني لو ما Bandar و Nouf و Tareq لفقع قلبي! #Covid_19,extraversion
2020-03-09 19:31:05+00:00,1.2371E+18,MTV = Ma Te7dar Virus @MTVLebanonNews,openness
2020-03-09 19:31:05+00:00,1.2371E+18,What we should know eno there's a lot of coronavirus cases 3ena aktar men hayda ra2emx10 bass f7osaaaaaat heye l 3am yet2akharo feya w tal3owa shwy shwy kermel heik 3am nes 21 21 22 kel youm bs actually fe aktar as i said x10 law 3ena ser3et dowal tenye be ser3et natejet l te7lel,neutral
2020-03-09 19:31:05+00:00,1.2371E+18,No one: @sugaredboy: bi koun ma3e corona eza 3am ba3ml pipi kel 10 mins?,openness
2020-03-09 19:31:05+00:00,1.2371E+18,Ma bhayete d3it 3a hada bas lyom lah elak nshala btensab bel corona w ma bet2um mena ela mayit.,neuroticism
2020-03-09 15:42:53+00:00,1.23704E+18,"riham's vn is sending me ""TA3E 3MELINA CORONA W KHALSINA BA2A KIS EKHTA HAL HAYET""",neuroticism
2020-03-09 15:42:53+00:00,1.23704E+18,Walla hal quarantine msh ana😣,neuroticism
2020-03-09 15:42:53+00:00,1.23704E+18,KTIIIIR rah yezbat heik shi ba3ed l quarantine 😂😂😂 ,openness
2020-03-09 15:42:53+00:00,1.23704E+18,aal quarantine zeh2o,neutral
2020-03-10 23:37:57+00:00,1.23752E+18,Bro technically ma bla72o pcr baddo wa2t,conscientiousness 
2020-03-10 23:22:22+00:00,1.23752E+18,7ajer eh? 🙄,neuroticism
2020-03-10 23:16:40+00:00,1.23752E+18,Law ma baarfek bas Yaateke l aafyeh Stay safe 🙏🏻❤️,agreeableness
2020-03-10 21:12:53+00:00,1.23749E+18,#زقفة_للأبطال من بيروت #خليك_بالبيت – at El-ramleh El-baydah,conscientiousness 
2020-03-10 20:06:28+00:00,1.23747E+18,Wled jeranna be balsho le3eb 2:30AM #Quarantine 🤦🏻‍♂️,neuroticism
2020-03-10 19:17:06+00:00,1.23746E+18,Ana el wahid li ma 3am echrab alcohol bi hal quarantine??,neutral
2020-03-10 17:08:50+00:00,1.23743E+18,Nshallah y5las el 7ajer ,neuroticism
2020-03-10 13:15:13+00:00,1.23737E+18,Metet ahar 😭😭😭,neuroticism
2020-03-10 10:16:07+00:00,1.23732E+18,Rimas grade 2A #StayHome #StaySafe #خليك_بالبيت #فن_شغل_البيت #art @DawhaHighSchool @Lamasaoudmakda4 @nada_abdulkader @AyaSamhoune,agreeableness
2020-03-10 09:22:28+00:00,1.23731E+18,B hal a3de bel bet aam bekoul toum la daraje l corona ma bt2arrib 3laye.,openness
2020-03-10 09:05:17+00:00,1.2373E+18,Rah tel2ate corona,neuroticism
2020-03-10 06:55:40+00:00,1.23727E+18,Staslammett men hal corona l z^^,neuroticism
2020-03-10 23:37:57+00:00,1.23752E+18,Azdik HAYDAK l marad? Damn.,neutral
2020-03-10 23:22:22+00:00,1.23752E+18,Day 17 bel quarantine: eme btokhbut bi shi mnekul nehna aayta,neuroticism
2020-03-10 23:16:40+00:00,1.23752E+18,Yalla rehna ba3ed el hajer 😂🤔,extraversion
2020-03-10 21:12:53+00:00,1.23749E+18,B3d l 7ajer henne 7ay3almouk shaklon 🤣🤣,extraversion
2020-05-17 20:36:12+00:00,1.26212E+18,Al they want to fight the pandemic W fata7o el balad 3ade wel 3alam ma khassa bel dene ðŸ¤¦â€â™‚ï¸,neuroticism
2020-05-17 11:41:30+00:00,1.26199E+18,eh daroure te7jerun w law hajaretun ma ken cha3eb kemel n7abas krmel 6000 cha5es. W kil lduwal hek 3emlit 7ajer elzemi.,conscientiousness 
2020-05-23 09:03:47+00:00,1.26412E+18,KESS EMM CORONA 3A EMM L ZAMALE LLI AKAL BATS,neuroticism
